review,rating,date,bank,source
"The previous version is much better than this one. I used it for more than six years without any problem. But now I'm having a serious trouble with the updated app. I don't know why it takes him forever to refresh and load the home page once you sign in. And if it fails to load, it never recovers. I only see some UI changes. Really disappointed",2,2021-01-01 21:50:49,CBE,Google Play
"The good thing is its simplicity to undertake the basic functions. Updates with improvements and fixes should have been released by now. Please fix. 5 years after last review… Issues with beneficiary are fixed. However, still unable to track transactions much less to download in appropriate formats. This feature got diminished in the latest update. Please improve and fix.",3,2023-03-15 11:46:33,CBE,Google Play
The updated app is attractive and is working very well. Forced to revise my previous rating of 2 star to 4 star. Hope it will keep on working! Rated it excellent for the past years. Revised my review after it keeps on crashing in 2019 and installing it for a second time in less than 3 months. Please work on the problems.,4,2020-07-25 17:14:21,CBE,Google Play
"I love this app. It's simple to use and syncs fast. The only issue I had was the balance shows only what's on the ledger, there is no way to tell what the actual balance is. I learn about the difference between the two balance types the hard way on an ATM machine. I would love to see that fixed in your next update.",5,2021-09-25 11:17:19,CBE,Google Play
"It is a service that is not expected from such a large institution. I saw that your work is very complicated. The user does not understand well your application. In general, you have many problems. This application is not convenient for the end user. For instance I can't access my account from abroad what I depsited amount and transfer from my account to any any one .It is a shame.",1,2024-10-16 16:02:47,CBE,Google Play
"The CBE app has been highly unreliable in recent weeks. It frequently fails to work properly on both Ethio Telecom and Safaricom networks, whether using Wi-Fi or mobile data. This week, the system was down entirely for extended periods, making it very difficult to access banking services. The app only functions intermittently, and the lack of consistency is frustrating. I hope the issues are addressed soon, and that any non-technical influences are removed from such essential services.",2,2025-05-25 10:54:25,CBE,Google Play
"this new update(Mar 19,2025) is great in fixing bugs, stability and smooth experience I'll give u that but it came with a big shortcoming which is not allowing to take screenshot. I can't screenshot neither my balance nor the transaction or anything within the app, i understand it's for security reasons but please bring that back, allow us to take screenshot we need that. Thanks.",4,2025-03-20 15:11:38,CBE,Google Play
"Good job to the CBE team on this mobile app! It's designed in a way that's simple and intuitive to navigate, which is great for everyone. It effectively handles the essential banking tasks I need to perform regularly. It's a practical and reliable tool that makes everyday banking much more convenient. Thank you for this useful application.",5,2025-04-04 22:18:47,CBE,Google Play
this app has developed in a very good ways but there are some comments I need to make 1- preventing the screenshot likely not good for someone like me coz I need to make screenshot for quicker evidence. 2-it would be good if you make us to access recent transaction histories for 30 days coz we don't have to go to the Bank's in person to see old transactions or add colander category so user can easily access old transactions through colanders.,5,2025-05-31 21:21:18,CBE,Google Play
as if the update of march 19 i can't take a screenshot in the app. i can just save it as file and that is so annoying. i used to save all screenshot in my gallery in one folder now with the extra steps added i have to save the file go to file and then screenshot it. the solution is to allow the screenshot to be save in to gallery automatically. i wish you give this review attention and resolve the issue shortly.,2,2025-03-19 13:13:39,CBE,Google Play
"Old version was very friendly to use. Now we can't see the #Reason The #transaction history (very limited) and now it crash every time it's opened. More over, the last update prevents us from taking #screenshots. Thanks for the developers as they are getting more stupid than ever.",1,2025-03-21 22:23:26,CBE,Google Play
Taking away the screenshot of the receipt is just silly. Worse is tbe download button putting a copy of the screenshot - which you prevented to be taken - in tbe downloads folder where we cant attach directly from Whatsapp. Millions of people use the screenshot as proof of payment / transfer yet you make that harder for everyone? I have every user contacts the developer or manager who made this awful decision.,1,2025-03-20 06:58:01,CBE,Google Play
"Recently there is big problem when sending to safaricom, telebir, and even to cbebirr wallet could anybody who is responsible fix it, it's very frustrating it's been 5 days and my money hasn't been returned it takes it out of my account but doesn't send it to my mpesa update- they have just corrected it and sent me back the money but still I'm afraid now to send again",2,2025-05-31 11:30:33,CBE,Google Play
"I was using this app for the last two years with no problems. It stopped working about 3 months ago. when I tried to transfer funds it gives me error ""can't do this transaction. inactive account.""",4,2025-05-27 23:47:06,CBE,Google Play
"It's very good in reminding the account numbers you have been used, but Need to show recipient history whenever you want to present it.or it has to have a search on options for a spesfic time you want to look for receipts with out going for account details at bank. if you lost your receipt without downloading it and need to look sometime a while you can't get in simple search on the app.",1,2025-02-15 20:26:07,CBE,Google Play
It crashes multiple times everytime you launch it. Fix it. Edit: crash fixed but screenshots has been disabled. I don't know who thought this was a good idea.,1,2025-03-26 16:25:42,CBE,Google Play
"The latest update prevents taking screenshots, which is really annoying! please allow us to take screenshots! we need it for evidence (particularly, in case of transfer failure!).",1,2025-03-27 22:37:33,CBE,Google Play
"The history sometimes misses transactions, tranfer to cbe birr debited but not really transferred, We need to really cop up with the world for real. The hacks and security problems, invest on and solve them.",3,2025-03-30 11:51:58,CBE,Google Play
"every update was made the system better and better until the March 19th, 2025 update, not allowing us to screenshot. you guys didn't understand how much it's a really quick and significant thing. You add extra steps to us, which makes the process draw back",3,2025-04-18 11:22:05,CBE,Google Play
"I’ve been using the CBE mobile banking app, and overall, I appreciate its features. However, I’ve noticed that when I turn on the developer options on my device, the app stops functioning properly. It would be great if you could look into this issue, as I often need to access developer settings for other applications. Thank you for your attention to this matter!",1,2025-01-29 18:02:20,CBE,Google Play
"Very good application. However, I have one functionality recommendation. What if you let the app transfer money to any telebirr account as for MPESA? By the way, I am not the only one to ask this. Thank you!",4,2025-04-01 01:27:55,CBE,Google Play
I have using the CBE mobile banking app. and overall i appreciate its Feuteres However i.ve Notticed that when i turn on the Developer options on my divice the App.Stop Functioning prorerly It.Would Be Great If You could look into This issue as l often need to access Developer setting for Otter Application ThankYou For Your attention to This Matter,4,2025-05-13 19:10:52,CBE,Google Play
"In the previous, I gave 4 🌟 for this app based on my evaluation. This app was without biometric security and may be exposed to cheaters unexpectedly. It is solved now. You can add verification security on the setting app. But there is something problem still with verification. It must prevent logging in without correct input fingerprint.",5,2024-12-20 11:46:42,CBE,Google Play
"I don't understand the reason, why I need to disable developer options to access the app, it has no security risks nor does it hinder the app's functionalities. This goes out to the dev, I hope your life is filled with inconveniences.",1,2025-04-02 16:13:34,CBE,Google Play
before it was smooth and good. this time after the new update in 2025 i can not make screenshot of my recite. even the downlod button is very delayed in putting my recite in my gallery for simple proof. please fix this i am unable to show proof of payment to my clients. thankyou.,3,2025-04-04 13:50:52,CBE,Google Play
"my first frequent experience of cbe app is critical-time failure such as suspending payment on air for 2-5 days with zero explanation, deducting from sender account without depositing to the receiver act. Another fatal error by the banking company as a whole (not the app itself though) is forced-banking with corporations without consent of employers-users of the corresponding corporations",2,2025-04-21 14:44:01,CBE,Google Play
Please bring back the screenshot option. The screenshot download option takes like 15 second appear in gallery and most people don't know about it.,3,2025-03-25 13:43:46,CBE,Google Play
"The recent update automatically turns the developers option on, and when one starts the app, a message pops up saying the app does not work with the developers option on. So, one has to go to the settings and manually turn the developers option off. Otherwise the app doesn't work.",3,2025-01-01 20:58:12,CBE,Google Play
"The review page keeps loading, and even sync is completed. The history page always shows old/unknown transactions. ...... Edited: I guess the loading page means it expires and needs to go to the nearest bank and ask for an extension for another 3 years. Upgrade to 3 stars .",3,2024-12-30 14:20:21,CBE,Google Play
"First this app was pretty good and well connection while transferring money, but now there's no such a worst mob app ever while transferring money it corrupts due to the network and took the amount of money you were transferring from your account then after seconds interruptions it's shows that the money is transferred (this case happens especially to telebirrr wallet) then after you report the issue to the CBE customer service they refund your money to your CBE account after 3-5 days.",2,2025-01-09 01:02:00,CBE,Google Play
Two step verification update is fake (meaningless). Why because the app gives you an option of to use pin while requesting two step verification step. 🔐 This updated app is not differ than the previous one in case of security & safegaurding users.👹👹💀💀 The other features of the app are best and easy to use it.⭐️⭐️⭐️⭐️⭐️,1,2025-03-06 03:18:50,CBE,Google Play
What an absolutely terrible update. No screenshots and you still have this stupid restriction on developer options. WHAT ABOUT THOSE OF US WHO ARE ACTUALLY DEVELOPERS!!!!!! At this point telebirr just wins the game 100%. CBE. Do. Better!,1,2025-03-21 15:23:43,CBE,Google Play
Really! this app is more simple to use at any time in every where also it's transaction quality between the users within the transaction receipt as abank that means this app is our bank on hand in mobile frankly I proud on this bank digital. I have no word to wrote ...... but it's have weakness on poor connection.,5,2025-03-31 13:11:05,CBE,Google Play
"The app is full of bugs here and there, perhaps it's from the backend side idk. For instance the transaction history you see on top is one made a couple of months ago and you have to refresh until you reach the top. it's just so bizarre. And you can't even search for a transaction you made. Someone with a lot of transactions will find it annoying. Even simple things like localising dates to Amharic dates are now correctly implemented.",2,2025-02-25 09:44:57,CBE,Google Play
It made life alot easier. I cant even imagine having to make all those transactions in person. So this app was crucial for me. Very good app. well done.,5,2025-04-03 12:42:41,CBE,Google Play
It used to be the best bank app in Ethiopia. But now using it is a terrible experience. For every transaction it shows an error message. Making a simple payment requires 5 to 6 trials to complete.,1,2025-01-31 21:04:32,CBE,Google Play
I'm sad guys what are you doing? Why did you add the screenshot restriction to the app? You just made it worse it was a great value to us. You need to rethink it. i will change the 1 star rating when you resolve the issue.,1,2025-03-22 20:09:06,CBE,Google Play
If any developer is reading this please fix the screenshot functionality or at least the download button should work flawlessly without me touching it twenty times.,1,2025-05-05 21:48:43,CBE,Google Play
Its good but we need an option of choosing a specific period to get a historique of transactions. For example when i want to check my previous transactions i only get few transactions. Thank you.,2,2025-01-30 20:58:54,CBE,Google Play
well designed! Fixing bugs & two step verification with biometric... simply it's great!,5,2025-05-06 11:34:36,CBE,Google Play
always disappointing ! especially the iOS one !! some similar local applications are extremely superior to this application!! Really disappointing!,1,2025-05-17 05:00:16,CBE,Google Play
"As an app developer, I rely on Developer Mode to build and test apps, but this app blocks access entirely if it's enabled. This restriction is unnecessary and makes it impossible for developers to use the service. Instead of outright blocking, consider implementing enhanced security measures that don't alienate professionals who need this setting. Please reconsider this policy.",2,2024-12-31 09:22:07,CBE,Google Play
it is good app. But you have integrate cbe with cbe birr. to allow cardless withdrawal directly from our accout!,4,2025-03-31 23:41:26,CBE,Google Play
Doesn't work properly. It crashes some many times. commercial bank of Ethiopia not only the application but also sending money to own CBE birr doesn't get your money in your bank account. forcefully you must wait 3-5 days to get your money back to your account. walk up CBE the world is going to decentralized finance.,1,2025-03-26 23:41:05,CBE,Google Play
"I am not exaggerating when I say that this application is one of the biggest players in the banking industry. It has simplified a lot of things for the user, even if the bank is in his pocket. But my opinion is (1), when we transfer money, there is a word limit on the (Note) at the end. Why can't we write our reason briefly? I don't understand why it is limited. On the other hand, there is no limit on the bank. Could you explain this? (2), when we pay for water, why is the code not mentioned",5,2025-03-29 06:34:21,CBE,Google Play
"I have seen lots of great updates right here, especially the 2FA using the biometric security technique, I suggest you work on minimising app crashing due to the accumulation of cache, very little cache crash it.",4,2025-02-03 16:35:53,CBE,Google Play
"Add customer service please other than calling 951. Why would you have a mobile app but not an online text-based customer service? Why? Disappointing And I will never use the top-up feature again, I have been trying to recharge my safaricom balance but your app would say time out and then credit my account but never recharge my balance, why? Where is my money? Do you expect me to call 951 at midnight?",2,2025-02-08 22:15:57,CBE,Google Play
"Why on earth is CBE telling me to turn off developer mode? As the name clearly states, it's for developers, not for CBE to dictate. There are countless financial apps out there that work just fine without demanding such an unnecessary restriction. If your app can’t handle developer mode, that’s a you problem. Fix your code instead of disabling features that have absolutely nothing to do with you.",2,2025-01-25 19:32:35,CBE,Google Play
"I really like this app as it is being updated from time to time and includes multiple payment options. In particular, giving a receipt makes it even more preferable. However, when it is refreshed, it does not show the history of credit and deposit in order and, I am of the opinion that it is better if the recent history is fixed respectively according to the transaction date in the future because there is a problem of confusion.",3,2024-09-12 19:03:36,CBE,Google Play
"I like the application very much because it is user friendly and makes transactions easiest, especially for business matters. But, these few days I faced difficulties of opening it. I tried to uninstall and re install the app, and re verified at the nearest cbe center. But still failed to use all the functions. It says 'none available'. Any suggestions please!",3,2023-06-05 20:45:04,CBE,Google Play
"Most of the time, in the 'Recents' button the app becomes stuck and doesn't show up details of transactions and doesn't even scroll down; should be solved. Second, the app doesn't save the last pop-up screen when a transaction is complete. Third, there is no telebirr transfer to other person option and the app by default lets you to only own telebirr transfer.",4,2022-10-06 06:48:25,CBE,Google Play
"It's a great app. I've been using this app since the bank launched it. As a long-term user, I would like to point out things that need to be improved. 1. Deleting money transfer history should be the user's choice. 2. There should be an option to download an in-depth transfer history for each transfer activity , just as there is posiblity to download a single time transfer recit. Do that and get 5 star.",3,2022-03-18 18:07:57,CBE,Google Play
"This app has several issues based on my experience. Below are the problems that I encountered: 1. The app frequently crashes. 2. It only shows a limited transaction record history (25 transactions). 3. You can't access the transaction records after 8:00 pm and on Sundays. 4. It displays a ""payment failed"" message. It would be greatly appreciated if you could address these issues",1,2024-08-25 07:52:04,CBE,Google Play
1 star because I have to visit my bank for new installation of the app and reactivation takes about 45 to 60 minutes with there long queue and system failures. Learn from telebire app and give options to customers to apt out of this ridiculous security feature. Second why is there no customization in the settings for displaying which account I want displayed in the first section rather that slide to my main account every time. You are making us pay a monthly subscription. Bare minimum is not it,1,2025-02-26 20:11:43,CBE,Google Play
"My experience with this app has been outstanding so far,but sometimes it has a hard time connecting with network and makes it hard to make transactions. Apart from that it's amazing.",4,2024-12-17 11:11:15,CBE,Google Play
"I have been using this app for almost four years now. In the beginning, it was working fine. Sometime later, it gets difficult to create a connection to my account, and could not manage to make and see transactions on my account. After updating it lately, Jul 2020, I was glad this app came with some user interface improvements, and the connection was quite fast. Not longer than two weeks, the app starts to get stuck, and it cannot even show me the UI properly. As a result, I have a useless app on my cell phone, hoping that [you] will soon come with updates.",2,2020-09-03 10:29:59,CBE,Google Play
"Application UI and new features are better than the previous version. I found a minor bugs though. I couldn't transfer to an account from the beneficiary list, it says None Available; There is still so much to do with the localization; Instead of ሰኔ it says ጁን and more like this; date conversion is missing also. If this minor things are fixed it will be much better.",3,2020-11-05 15:22:13,CBE,Google Play
"It is a good and progressive app through the updates. I think the app should further solve its bugs like 1. It doesn't download or share attachment on android 12 and 11, it used to work on android 10. 2. Sometimes transactions seem like they have failed and there are no records, but the transactions actually have passed this is a very serious issue, because people will try the transaction again which will end up doubling the payment.",4,2022-09-15 09:45:28,CBE,Google Play
"With each update the app is getting slower and slower, specially when requesting transaction history. And I wish the logging process could be done easily. When someone changes a phone, it makes it mandatory to consult the branch and that makes it not to be self assisted. Hope you could fix it. Please add an option of transferring to other TeleBirr numbers other than the ""Own telebirr"" option. It id very limiting now a days",4,2023-08-11 10:02:24,CBE,Google Play
"Absolutely the best app! It works flawlessly, anytime and anywhere.",5,2025-04-17 04:08:27,CBE,Google Play
"The CBE mobile banking app is a time-saver, but it needs several improvements, like adding fingerprint authentication. It's risky when people see me entering my PIN. Additionally, the fees are unreasonable. You could learn from Tele Birr, which adjusts fees based on the transaction amount. However, the CBEMB app charges a flat 10 birr fee for amounts between 5 and 1000 birr, which I think is unfair.",2,2024-09-04 09:02:47,CBE,Google Play
"The app is awesome. But there are many things to highlight.For example, When spending money from the account , a confirmation text message must be sent to the account holder. Also the fact that, the PIN is only four digits is not safe enough for security, if it is more than eight digits and includes numbers and symbols, it will be cool.",3,2023-01-29 16:15:01,CBE,Google Play
"Still needs development on several features.... For example - bank statements available online. The text feature of available balance and debited/credited notifications is very old school and involves too much digital trail. App doesn't always work, could be due to network issues in Ethiopia though. Another major issue is an error message is displayed when transferring from CBE to other banks. Ive almost lost a few thousands doing this once. Always cross check your balances.",1,2024-08-27 10:44:29,CBE,Google Play
Recently app keeps closing and the notification after says this app has a bug. Can you make an update please,4,2025-03-31 09:43:30,CBE,Google Play
Unstatisfied with the new update keeps crashing every now and then and even though i haven't reached the max txn per day still refuses to transfer...probably going to change my bank if it's not fixed asap,1,2025-03-10 23:47:02,CBE,Google Play
"The app has brought a new problem. When i open the app, it closes itself then i have to open it again. Please fix this issue if it's your problem",3,2025-03-14 14:33:09,CBE,Google Play
"this app is absolutely fantastic I love it and I enjoying to it ,let us support this foundation together .",5,2025-05-25 11:51:45,CBE,Google Play
"Funds transferred from the same bank do not reflect in the account, even though a confirmation text message was received.",3,2025-05-11 11:04:05,CBE,Google Play
It is Amazing Mobile Banking App....But why the screenshot of the receipt doesnt work,5,2025-05-13 11:43:53,CBE,Google Play
"Very good app, but please make it reliable . it crashes sometimes .",4,2025-05-22 20:33:56,CBE,Google Play
"Sometimes it has a nasty lag for several hour fix that , the rest is 👌",4,2025-05-22 19:24:00,CBE,Google Play
it is smart app but it has stoped after some period of time on my device with out any reason .,5,2025-05-25 07:30:44,CBE,Google Play
nice app suitable to use it. the only weak side is it need data connections and hoping will be fixed to offline i gave 4 rate,4,2025-04-05 05:18:52,CBE,Google Play
"I really love this app,it is amazing. It is more flexible than any other banks app. The only and main problem that I encountered with this app is,if it is uninstalled from this devices, I have to go to the bank and mostly the specific barank the account is opened to reconfigur again. This is very unpractical in most cases,since people are traveling and very busy in their day to day activities. Kindly consider to change this option.",5,2023-09-11 13:34:18,CBE,Google Play
"I have been using this app for more than a year it came with best version, but now after the last update it's not working well as before. It can't sync, the connection is not working at all. I can't see recent transactions and make any transfer , all the features are not working, I hope you will come with a better update soon.",2,2020-09-12 11:56:54,CBE,Google Play
"In fact, it's a good app to make our daily life easier! However, I have encountered several times issues with this app. 1. It's not always working with network error, even though the network is good on my phone. 2. It happened to me several times that when I transfer money to someone's account, I doubled the transfer! Or in another word, my money sent two times. If I wanted to send 10,000, I found that sent 20,000 because of the APP error. I hope this will be fixed soon.",1,2023-09-04 16:44:38,CBE,Google Play
there are to many bugs app keeps crashi ng and the update file seems to keep getting worse,2,2025-03-24 19:14:14,CBE,Google Play
"I fails mid transaction, No screenshot, download don't work, link shared not working bring back the old app this is usless",1,2025-03-26 12:25:38,CBE,Google Play
Since last week this app has started not working. It simply log in without network but can't sync. Please fix it.,5,2025-03-21 19:19:11,CBE,Google Play
Best app but there is some problem I can't send money to telebirr or mpesa so if you can add that it could be use full,4,2025-05-02 16:42:07,CBE,Google Play
its great app but when updating we can't take screen shot please try to fix it,3,2025-04-10 19:18:15,CBE,Google Play
"URGENT FIX REQUIRED!!! The app does not work anymore! Account balance is not displayed. Trying to use any service on the app shows error ""None available"". What is the point of an internet/mobile banking app if you cannot carry out banking services from your fingertips? I also don't want to reinstall because CBE activation code can only be recieved in the bank, which sounds very ridiculous. These days, banks send OTP to email, so customers can manage their account anywhere in the world.",1,2023-12-26 18:00:07,CBE,Google Play
"The inconvenience of this app is that it requires developer options to be turned off. This hinders my ability to customize my phone as some of the customization can only be done in the developer options. Also, it didn't have this requirement before, so why now? And please return it how it was because this should not be an issue. Also, when a transaction is completed before it used to allow me to save the image of the completed transaction, now it doesn't, so please fix that also.",1,2025-01-01 14:06:39,CBE,Google Play
some times it is difficult to get reciepts for the payment made,1,2025-03-23 16:06:54,CBE,Google Play
the worst commercial company that fails to do even the most normal things again and and again.,1,2025-05-03 11:10:57,CBE,Google Play
"I can simply describe this app as ""Making all your work easier"".",5,2025-04-28 20:03:30,CBE,Google Play
"In the updated version of the app, it takes more time to download the receipt.",3,2025-04-15 08:09:02,CBE,Google Play
In the lasted update you removed the capability to screenshot transactions.,3,2025-03-21 11:31:20,CBE,Google Play
"very good, but sometimes NUR CBE comes without my consent. even if I choose locked, it appears",4,2025-04-01 13:52:59,CBE,Google Play
the app is recently crushing each time you open and try to make transfers...it used to be good. take lessons from the Dashen Super app or ethiotelecom. it is not befitting of your experience and glory. inv3st in making it more friendly and convenient. I am considering leaving CBE for good.,2,2025-05-06 13:33:07,CBE,Google Play
"Sometimes it brings a contradicting notifications. First I saw an internet poll form. After I filled it, another message comes that advises users not fill any forms sent or bank did not send such documents. Sometimes the app gets stack without any prior notices. It happened quite numerical times with me. Otherwise great app. I think a followup maintenance and improvements needed",3,2024-03-09 16:39:44,CBE,Google Play
"It used to work properly, but not anymore. I used to use the app from abroad; but these days, it kept saying ""unable to connect"" when I tried to check my balance and do transactions.",1,2025-02-07 17:16:31,CBE,Google Play
"Before the new version, the app was fast and merits 4 ⭐. However, following the upgrade, the app is slow and takes time to reload. Apps are useless without speed, so make them work.",1,2024-12-19 09:35:54,CBE,Google Play
Recent transactions doesn't load properly sometimes . And also when transferring to someone sometimes it says failed and but already transferred which might cause to double transfer,1,2025-02-07 20:28:05,CBE,Google Play
"Why force-disable Developer Options in the latest update? I get that it's a security precaution, but it's overkill. Plenty of other financial apps do not require it and it's sometimes necessary for debugging/experimental reasons",1,2025-01-21 10:28:34,CBE,Google Play
I don't understand the reason why this app asks me to turn off my developer options whenever I try to log into the app 🙄 This issue immediately needs to be fixed. Why would I sacrifice my phone's performance to use only this app? It's ridiculous 😒,2,2025-01-06 10:01:36,CBE,Google Play
The apk doesn't work when the phones developer option is turned on. It always asks me to turn off the developer options to open the apk. Please fix it as it is unnecessary.,4,2025-01-26 07:40:19,CBE,Google Play
"The not allowing the app while ""developer options"" is on needs to be fixed! Why the hell is an app telling me what to do with my own OS??? This is an unnecessary fix that needs to be fixed!!!",1,2025-01-01 21:36:54,CBE,Google Play
Worst update ever. It asked to disable the developer's option which they don't have any authority over. Most useless update ever. I wish I could give it a 0 star if it was possible. Why do you care about my phone's settings? Stupid developers. Should Switch to other banks.,1,2025-01-01 13:38:33,CBE,Google Play
The app is crashing several times it's really annoying and sometimes it's says failed during different operations ?????? Please fix it!?,1,2025-02-04 13:34:01,CBE,Google Play
"It's very good app for transactions, to give you 5star one more thing you need to do is include bank statement showing methods. And one more thing after you take your commission why you take 5birr monthly without my confirmation?",4,2024-12-16 13:34:03,CBE,Google Play
It used to be better in the previous. But after the recent update it keeps crashing as soon as it logs in.. it needs to be fixed.,1,2025-02-11 18:10:50,CBE,Google Play
The new update is seems force enable developer options on setting. And please fix the problem on iphones it only works for few days every time it get maintained at branches,1,2025-01-17 14:06:48,CBE,Google Play
It have a bug it keeps shut down when I open the app. Without any notification. Please fix the bug.,3,2025-02-22 11:42:45,CBE,Google Play
"The banks logo, the hidden accounts data are not seen. It is saying it saying unconnected and hence does not sync.",2,2025-01-05 19:30:06,CBE,Google Play
"Very bad, can't even load they need to improve their services.",1,2025-05-22 22:46:06,CBE,Google Play
"This application fast, secure and more convenient. Thanks CBE",5,2025-03-31 17:40:29,CBE,Google Play
"In my view, I can't give any conclusion because it's the starting of an online banking in my country. However, the commercial bank of ethiopia must rebuild this app and also need to make more access to changing the system. Keep continuing ethiopia 🇪🇹 🇪🇹🇪🇹🇪🇹",5,2025-03-14 03:57:49,CBE,Google Play
in this update why screenshoot is disabled now it's not working,1,2025-03-28 23:03:37,CBE,Google Play
This app don't have self activation only you have to look near cbe branch that's disgusting,1,2025-05-10 07:15:08,CBE,Google Play
"This application is really bad. It is slow and doesn't work properly. It doesn't show recent activities. Using this app I transfered money to a friend and after showing deduction on my account, the money didn't reach the other end,the activity is not reflected on my recent transactions either. The worst app ever. It doesn't work outside of Ethiopia.",1,2021-05-31 16:49:53,CBE,Google Play
"It is a nice app compared to the previous one. I appreciate you have included local language but the details in the Amharic section will return to English mode, please fix that problem plus additional local language will increase its usability. Also it would be nice if the terms and conditions agreements, security tips, charge and transfer limits.... are included in the app.",4,2020-07-26 08:24:02,CBE,Google Play
it's a very good application but sometimes it takes a long time to synchronize,4,2025-03-23 23:56:40,CBE,Google Play
"The 'unsubscribe' button in the CBE Android app is misplaced. It should be at the middle of the menu or somewhere else rather than at the end. The end is usually for a 'log out"" and I inadvertently touched ''unsubscribe"" many times. This could lead to customers accidentally unsubscribing from the service.",4,2024-11-11 18:17:38,CBE,Google Play
Very good app. but disappointed by general cessation of system.,5,2025-05-02 21:48:08,CBE,Google Play
It sends unwanted welcome notification every time you login. There is no way that you can disable this.,3,2025-02-13 05:58:51,CBE,Google Play
"The app is unresponsive the time when the fragments are attached. It is just like shivering. Still, I can't download the transaction history instead it just toasted me can't save. Please consider all this things. But I would recommed you to use a tab layout. This is because, consider I am using latest Samsung 🤔 device, how do you think that your app is running on other damn devices like techno and itel ? It is horrible.",3,2022-08-26 19:45:26,CBE,Google Play
The upgread is perfect and loved the new system could be accessed from any branch if u face problem in the application. The other thing if possible to add would be to expand the number of transaction be looked for all transaction back to a month period at list this will help review most transactions if there needs any review. The only problem I saw is that once a phone number is attached to another bank account # you need to provide another phone number to get the service. The rest is excellent,4,2020-07-31 14:15:47,CBE,Google Play
1.we can't get mobile Token on CBE App or any other online. This is need to improve 2.internet banking is always say authenticate error after some weeks this is need to improve.,4,2025-03-16 02:38:53,CBE,Google Play
"I'm blind. I have been using this service since 2008 EC. More or less both versions are accessible to our screen reader, talkback. However, after updating the app, its account tab couldn't display second account which is connected via CBE account. Secondly after transfering money, it shows save and share options but doesn't work.",3,2022-05-23 19:56:26,CBE,Google Play
It is good for many aspect. If I can get transactions report with time duration(periodically),3,2025-03-07 17:29:17,CBE,Google Play
it is good app but when I make inter bank transaction It can't display The receiver account number and name of receiver and also receiver bank,4,2025-03-19 12:48:59,CBE,Google Play
The app keeps on crushing & I can't log in or access my account. Went to the bank for trouble shooting. The customer service was very poor and I told to reinstall the app and enter new activation key. I did and after starting to work for few hours again the prob is there and the app is still crushing and not working. Such poor service is unexpected from a big statd owned bank. You should fix the problem ASAP.,1,2019-03-06 01:47:44,CBE,Google Play
"Poor application. Let me list down if you could update the main features. It say error while the money has already sent. We can't get the transaction record (it has limited date) or somtimes the listed record transactions and the details are not the same while we enter to see further details. So if you can, try to see telebirr application and how much simple it is then try to update frequently.",1,2024-07-02 07:17:14,CBE,Google Play
"Nice ui, but it fails to update info constantly after the recent update. The transition is not smooth, with 120hz refresh rate its not smooth seems like very old. Need to add more security, whenever someone exits the app and returns from recent tab it just opens, it should have asked to insert pin everytime someone returns back. Fix these things",2,2022-09-04 13:50:37,CBE,Google Play
"It crashes a lot; it doesn't work at all sometimes. By far, it is the worst mobile banking app I have ever used.",1,2025-02-15 10:35:47,CBE,Google Play
"It's a problem solver application, go ahead CBE, I love so much.",5,2025-06-02 10:40:18,CBE,Google Play
"The Most worrying thing of this Application is, while you confirm Transfer and hit ok, it prompted ""Connection error"" but actually if you see your balance the transfer was already done. This is serious bugg which you need to update and make security amendment's. I personally send twice one day , if the reciepent wasn't kind enough, imagine what will happen. Serious problem which needs Attention.",3,2022-02-12 11:30:08,CBE,Google Play
"The worst update seen in the bank industry for mobile banking. If you're unable to make it smooth and reliable at the same time , return it to previous version. It shows that you don't have the best expertise like other banks in the country.",1,2025-01-04 10:29:24,CBE,Google Play
its good but add more features such like. bank statement showing,5,2025-04-24 16:34:59,CBE,Google Play
Great experience so far but why this app ain't working while developer mode is on?,4,2025-03-24 15:24:52,CBE,Google Play
"""This mobile banking app is fast and user-friendly, but the only issue I encountered is that I can't access my bank statement within the app. I kindly request that this feature be added, similar to what is offered by other private bank mobile banking apps.",4,2025-04-13 00:37:04,CBE,Google Play
"It's very extraordinary app, the user interface is soo awesome, most importantly it's very user friendly. In terms of speed and services its unbelievably fast and flexible. I really appreciate the crews who've been working behind the scene to make this wonderful job alive. Well done !",5,2022-10-31 22:47:25,CBE,Google Play
"I have bad experience since I started using this app. I get ""none available "" error message while there is good internet connection. And I went to my branch two times to activate the app. There should be some way to activate without physically going to the branch. Anyway, it should be improved much from what it is now!!!",1,2021-05-02 13:48:44,CBE,Google Play
Good apps ...But fix the screenshot its not easy like before ......,5,2025-03-29 11:18:51,CBE,Google Play
"I have been using this wonderful app. It is easy to use and user-friendly and perfect user experience app. I just have one suggestion, if you cloud add more info like who(person or company) deposited, and deposit discrimination if any in the recent transaction section of the app. The rest is perfect.",5,2023-03-26 16:27:34,CBE,Google Play
without any reason it shows white screen and can't make transfers. Then when I went to branch then they reply go to the branch where you open your account.,1,2025-02-01 06:29:47,CBE,Google Play
"Great app, but try to include an access to water bill payment for places other than Adis Ababa & try top the app not to be inactive while developer option setting in Samsung phones is activated",4,2025-02-11 05:10:36,CBE,Google Play
"This app is the best, easy and more clear to use including its features to understand so i liked it 100% because the app made the life of customers easy. Thanks cbe and the app.",5,2024-12-27 10:18:24,CBE,Google Play
it is good but it doesn't allow screen shot,4,2025-04-06 20:41:11,CBE,Google Play
App keeps on crashing after the latest update. Failures are frequent.,3,2025-02-05 21:09:34,CBE,Google Play
"After a recent update, this app stopped working with a message "" the developer turned off advanced ... etc.",3,2025-01-23 18:44:57,CBE,Google Play
"Best Mobile-Banking app! Moreover, I will rate 5 stars as soon as you add ""account statement display"" menu in it. Hopefully waiting, Thank you in advance!",4,2024-12-30 20:34:14,CBE,Google Play
"This App Is Best and Fantastic Because easy to use, It has Best security Specially Two Specific Authentication so this security is not path unauthorized person to Our account History. Thankyou CBE For We give this service",5,2025-02-04 15:30:08,CBE,Google Play
"It's easy to use, but there is some problems sometimes when update the app in the network areas...",4,2025-01-31 00:19:54,CBE,Google Play
Now it's crashing like crazy. It doesn't even open after a recent update.,1,2025-02-01 18:15:36,CBE,Google Play
My device install up updated all data access all function but can't support transaction i. e first login password works but can't conformation last transaction password,5,2025-02-24 14:16:29,CBE,Google Play
Weak update ! . b/c it stops when I want to set two step verification on. And it is only applicable if developer options are on. Why ??? Please tell me the reason 🙏,1,2024-12-31 00:01:41,CBE,Google Play
"It only works at the first glance(only after installation and configuration). After that all the transfer options, utilities, top up doesn't work. It just say doesn't sync. Even the balance bord keeps loading and doesn't show the current balance.... Very poor experience ☹️😥.",1,2020-09-05 00:50:20,CBE,Google Play
"I have been using CBE App for long, but recently it has started crashing repeatedly and even my phone is reporting that the app has bugs and tells me to wait the developer to fix these bugs.",1,2025-03-09 22:06:18,CBE,Google Play
"Alert The device developer Mode is turned on. You can't use this app, Please turn off Developer Mode and try again. OK Why reason?",1,2025-01-11 07:43:23,CBE,Google Play
"I love it so much for its nice user interface and massive improvement. One much important thing it lacks is that, it synchronizes #ONLY-ONE account per app. For this reason, people (customers) who had >/= 2 accounts for different reasons, are obliged to visit the local CBE branch, which is unadvisable especially during COVID-19 era. I hope you will do your best on it.",4,2020-08-02 00:21:37,CBE,Google Play
"Its hard to trust this application coz while transfering money it transfers two times to the same account after only one transfer click and sometimes it says error but it actualy have transfered the money, so i only use it if it is mandatory unless its better to go to the bank, so it still doesn't solve the problem not to go to the bank, i am sure it have some systematic errors",1,2022-03-01 15:01:03,CBE,Google Play
"Broadly speaking, it is good app. But recently I have noticed a problem when trying to see the recent transactions it becomes very slow and sluggish even closes and also have seen this on my friends' phone. So, this should be corrected asap and speed should be core feature",4,2022-06-25 07:15:44,CBE,Google Play
"Please kindly ask to update the app and allow us to screenshot, it's convenient and efficient as long as you add security to the access there is no reason to block us from screenshooting our screen.",2,2025-05-14 15:14:19,CBE,Google Play
"Its nice user interface...I hope you fix synchronisation fail problems that is common in before apk. In before apk if you are in middle of try to send the money and unfortunately internet is disconnected or someone is call you , the application say to you synchronisation is fail ..try to restart my phone or off and on internet the application never work again.. I call 951 but never get any support .",4,2020-06-28 21:12:09,CBE,Google Play
"It is a very basic app. Banks nowadays offer many services through their app. I suggest you add the abilty to get statements, the ability to freeze the card if stolen or when traveling. The abilty to use the card while traveling. I have noticed that if Ieave Ethiopia it is not possible to pay my bills back home. So in general the app is very helpful and eased the burden of carrying money arroubd in Ethiopia, please improve it further.",4,2023-07-24 11:25:04,CBE,Google Play
When I started using the app for the first time I like it. But through time it started annoying me😠 Because it doesn't update the transaction history immediately. I remember one day I transferred 17000 to another account but I can't took screenshots of transportation history. It says repository........! It needs urgent system maintenance ‼️,4,2022-09-28 23:13:27,CBE,Google Play
It works very well. I have two issues though 1/ it is not possible to transfer accounts in other Banks. 2/ the exoress money sending function dies not work as neither the recipient nor the sender get the secret number but the money will alrwady be sent. I had to go throgh a very lengthy process to get the money back with the transfer fee already deducted. In the end I lost three days plus the transfer fee for teying to send money fast. Other than these issues it does the rest of the job well.,3,2021-09-15 10:35:12,CBE,Google Play
"For starters,the app is by far better than the previous one.It has better graphics,fast synchronization and it's easy to use.But what I don't understand is that first why is it so difficult for you guys to add a ""forgot pin"" link in the login page? Why is it every time a user forgots his/her pin,they had to go to their branch? it's very frustrating and not expected from a banking app of such a giant bank.Secondly,the ""Accounts"" and ""Recents"" sub menus at the bottom have exactly the same features",2,2020-08-02 14:08:42,CBE,Google Play
"This is the worst App I ever seen. Every time CBE does small patches or updates, the app doesn't work and you have to go to your branch in person to get the update and verification on your phone. It is totally unacceptable. I am living abroad and because of their problems I can't make payments and transfers. I send my representative(""ተወካይ"") to Addis Ababa Branch with his full-representation paper (""ሙሉ ውክልና"") but the staff working at mobile banking services is not willing to fix the problem.",1,2023-01-06 03:09:19,CBE,Google Play
I appreciated by this app. But it can't send money to inactive account and pending authorization account. Please develop more. I have long experience( more than 3 years) with former version and ussd *889#. This latter version is better than both. Keep it up!thank you. is there any payment for using cbe mobile bank? Please explain,5,2020-12-06 17:50:10,CBE,Google Play
"Best and easy app for use than any other local bank's mobile banking system. But the system doesn't show recent transaction some times, though the transaction has done. Better to do on this and other upgrading facilities.",5,2022-09-08 21:08:58,CBE,Google Play
"The app is not friendly usable . For example, it asks you verification key as soon as you download it. There is no description where or how to get verification key. This is crazy. I never seen any app ask you verification key at the start . confusing app. No more try waste of time.",1,2020-11-11 07:37:37,CBE,Google Play
Its good. But recently i have been having some problems. The app is transferring my money for a second time after i do. It shows the first transfer has failed and i usually do it again. Then after it shows that i have made two transfers. Could you fix this. Thank you,3,2022-09-15 04:28:19,CBE,Google Play
"Recent update is very good. User interface has been redesigned and it's really awesome. Only downside is that you can't see all of recent transactions, it is limited to some and there is no way to see older transactions. Apart from that CBE has done a good job in revitalizing the old app.",4,2020-06-29 17:40:52,CBE,Google Play
"It's good app, it is simple to use. It would be better if there was more recent records on the ""recents"" toolbar. It is only about 17 deposit and withdrawal recent records displayed to the user while others are deleted automatically.",4,2022-03-28 10:18:51,CBE,Google Play
"The app is great and easy to use. My issue is that, it some times show error message indicating failed transfer transaction, but when I check my balance later it actually made the transaction. This incident happened to me twice.",4,2022-12-16 13:59:18,CBE,Google Play
"The old version stopped working for me and whenever that happens I had to go to my CBE branch and ask for help to get it reinstalled. I just updated it, and it worked like a charm with an elegant UI and very stable services.",5,2020-08-26 12:02:12,CBE,Google Play
"The app was updated 7 days ago. Since then it doesn't show the balance and seems like it is trying to update but the update never show a result even if after the green indicator shows sync finished and all the links for the different transaction say ""none available"".",1,2023-04-03 19:27:45,CBE,Google Play
"It is good app and really user friendly , but it not possible to start service after the app is uninstalled or device phone is changed. So please make it easy for us, after once you set us the requirements in your office we should have to use it only by install and launch it. We do not have to visit the near by branch office every time for such silly businesses but important things.",3,2022-01-17 15:56:50,CBE,Google Play
"I used it for the past 2 years. I live outside of Ethiopia, so it was very convenient to deposit or transfer money to and from my account. However, recently i kept getting ""None available"" message and not even able to see my balance or pull out people previous account information. So i uninstall and installed it, now it is asking me a key code whice you normally get it from ur bank. As i said,I live outside of Ethio, so unable to use this app anymore.",2,2023-12-03 20:28:28,CBE,Google Play
"The application is good but sometimes it doesn't respond my issues ie: Transfer,. In addition to this the application don't show my balance instade it only shows transaction history. If possible it's better if z app were able to show z exact balance sheet and fix a problem of not responding, if so I will rate z app ***** by adding z remaining 2 ** 10 Q.",3,2021-10-11 17:15:28,CBE,Google Play
"Currently the app is not working becuase I think they forgot to update it. It always shows'sync failed''. And there is no customer service online. People living abroad are having problems. It is a big shame. It is very annoying and not user friendly, People are using CBE just becuase salary is transferd there. The app is a total failur.",1,2022-02-06 15:37:54,CBE,Google Play
"The app is always buggy, you've to fix: 1. Transfer history. 2. The double(duplicate) transfer issue which everyone faces, were it gives our error and I've to transfer for a second time thinking it didn't work and both transferred transfers go through.",3,2023-05-29 16:12:17,CBE,Google Play
"It is a great app so far specially the speed is good. But it is important to know who send you money, so you should also show the sender's name if the receiver is in the sender's beneficiary list, because it shows the nick name of the receiver not the sender's name. Thank you.",5,2023-05-23 05:07:06,CBE,Google Play
We'll designed user interface and easy to use app. Well done CBE. The last version was just boring and unattractive. This version looks so good that I'm seeing people logging in just to enjoy the view. Keep it up.,5,2020-08-22 12:56:31,CBE,Google Play
"Really I troubled to use this application since last week, I've been using it more than 2 years. I don't know what's wrong with it now. It can't synchronize, even can't see any update in my account. I tried to repair and manage in setting, but not possible. Also you don't have any means of online communication/ chat. Could you please tell me what to do?",4,2021-04-18 17:35:14,CBE,Google Play
Sometimes I make transactions twice because of repository failed issue Its annoying The app gets too busy it may also be closed when the recent option is clicked. After making a transaction there is a download option but it says can't save the image. Other than this issues the app is user friendly,4,2022-12-29 16:43:33,CBE,Google Play
Th app is great. But you can't make the same amount of payment with the same reason more that once. It will show an error but sometimes it transfer with the error. It should be fixed on the next update.,4,2023-04-11 17:03:32,CBE,Google Play
"1- Always mixes up sequence of transaction history and also takea very long to update those 2- doesnt generate the reciept page when you transfer to other banks, mostly displays an error image. 3- struggles to work in places with 2G connection. Generally its a good app since the USSD is a nightmare we will be ok with this.",2,2024-03-23 08:38:25,CBE,Google Play
Good app but it fail to send on time the commission money is unnecessary and also their are some bug like recent transaction page don't show the recent one ...... Try to improve it's back system as a bank system people want it in different situations so it has to work every time as could as possible if you don't get it when you want why we use mobile banking not branch service as I conclusion personally I like the bank because it is CBE but not their digital banking system Thanks,2,2024-05-12 12:34:54,CBE,Google Play
"Why doesn't it show your previous bank balances alongside the transactions! It should show previous balances too! Only shows recent transaction, it must show old transactions as well! It would be great if you could print your bank statement from the app",1,2023-05-25 15:28:06,CBE,Google Play
Make it available to all smart phone. It selects some phone to be down load from play store. It also better to be transfer through xenders . Better from previous one but need some support to be available to all smart phone.,5,2020-08-05 21:49:34,CBE,Google Play
"Although it is a great, quick, and simple tool to use for a variety of financial transaction purposes, an upgrade of biometrics and a six-digit pin code option should be introduced for increased security. More importantly, it would be great if it could provide an online cash receipt voucher for printout.",4,2023-08-01 15:44:12,CBE,Google Play
"The app doesn't have more option. I expected more and convinient features than other local banks mobile app however i found it poor. Pls add option where clients can check statment back dated, ....etc u need to advace the security like disabling screen shots from mobile device. I recommend you to bench mark Wells Fargo app.",1,2021-09-14 17:39:43,CBE,Google Play
Easy to use and a lot of functionalities! Keep your eyes on two things: 1. The transactions shown in the Recent section are messed up (every time I refresh it it shows different output of order and messed transaction list) 2. What if we can transfer to other Telebirr number Finally the transaction fee for transfers made other than CBE acc is expensive.,4,2024-05-28 13:03:07,CBE,Google Play
I tried to transfer a payment to my friend. The app did not show me any confirmation of a payment I belived as the payment was not sent to my friend so I tried many times. At the end I have found out that my account was out of balance. Its A Crazy And Unreliable App.,1,2021-06-03 15:23:41,CBE,Google Play
"You guys really need to improve the app. I know there are lots of users, more than any other bank. But still look at telebirr. There is an issue of receiving text when money is deposited. Buying airline ticket is a Hussle. The app in its current state doesn't represent the giant CBE!!",1,2023-07-14 09:09:36,CBE,Google Play
"I feel good, it is time and energy saving and also the first platform to digitalization of the financial issue. I want to remanid the developers to make more accessible and add more feature to it!",5,2023-07-26 18:55:02,CBE,Google Play
"I love this app, it is easy to use and makes my life easier. Sometimes it says time out but sends money and sends agin. To send for other banks it is almost difficult and for other telbirr customers not totally possible yet. If these issues solved, the app is supper 5 star.",5,2022-12-12 21:09:28,CBE,Google Play
"CBE, please fix this app or you'll be left behind. Considering this was one of the first banking apps in Ethiopia, most bugs should have been fixed by now. But bugs still abound. It worked from outside Ethiopia but not for long. I haven't been able to use it (from outside Ethiopia) for the past 4 weeks. No updates visible. Nothing against the country that I dearly love. But this app is the one-eyed version as far as banking apps go. You know... a one-eyed man is a king...",3,2021-06-28 16:55:52,CBE,Google Play
"I've been using this app for quite some time now and recently I've been seeing some unusual bugs, like saying error repository report, not syncing when I transfer to another account but then when I try it again, sent complete but has sent to that account twice... deducted twice...this needs to fixed ASAP...",2,2023-08-03 20:32:04,CBE,Google Play
"I’ve noticed two key issues with your app: 1. Username Visibility: The app doesn’t display the username, making verification difficult. Please add this feature. 2. Transaction History: Transaction history gets deleted if the app is reinstalled. This data should remain accessible unless manually deleted by the user. A ""Load More"" option for older transactions would also be helpful. These issues have caused inconvenience. Fixing them would greatly improve the user experience. Thank you.",5,2024-12-01 12:51:25,CBE,Google Play
"The CBE Mobile Banking App has truly exceeded my expectations. It offers a seamless and reliable banking experience right at my fingertips. From checking my account balance to transferring funds, the app performs flawlessly every time. It's impressive.",5,2023-12-16 09:43:38,CBE,Google Play
"Nothing is working after the last update. Please fix it. With the previous version, when transfering money, it shows error message while the transfer is already made. It is causing unnecessary double transfers.",3,2023-10-12 13:21:24,CBE,Google Play
"1. Withdrawal messages are not received regularly 2. Apps need to be more friendly use in terms of operation, 3. Apps lack some advanced security features, Additional comment: 4. Now that we are using modern technology, requirements for Bank Book should fade away with time. Some Branch offices do not entertain customers w/out Bank Book. Thanks and best regards",3,2022-03-08 08:54:10,CBE,Google Play
I have been using the previous version of this app. My android version is 6.0 but unfortunately this new update support android 7.0 or higher. I don't know why you choose to do that. Most famous app here in google play are still support devices starting from version 4.0. considering most of the users to be from Ethiopia I don't think you will target almost all of the customers with the current lowest version support. Please address this issues we are facing.,2,2020-09-11 16:26:04,CBE,Google Play
"This ought to be a major update in a while. The graphical user interface has been well improved. However, a very important feature that used to exist in the old versions, which used to allow the user to transfer money within his own accounts in the CBE at ease has to be reinstated back.",3,2020-06-29 08:18:26,CBE,Google Play
"Since I started using this app it. Really helped me a lot. The CBE started some years ago and it is good progress, other foreign banks has money years experience and and the technology is theirs. Yes some inconvenience can occur the bank have to simplify it fast. Keep on going!!!",4,2022-12-15 09:22:45,CBE,Google Play
"What a trash app! Trash! Trash! Trash! Whenever you want to use the app after once you uninstall it, or receive it from someone else, it will ask you for a new verification. Again, after you clear the cache and data, you will be required to ask a verification code from the nearby bank physically too! What a shame! Never use this app! Your account pass code is unsecure in this app. STOP using this app! I Do!",1,2024-09-10 21:55:08,CBE,Google Play
"It cannot start. The old version was working perfectly. I am currently out of Ethiopia and cannot go to the bank to see what is the problem. Now I have no access to my account and with coronavirus travel restrictions, cannot go back to Ethiopia either. Is it possible to get an authorization key so that user can remotely reinstall/register the app?",1,2020-07-23 02:18:25,CBE,Google Play
"With your new CBE mobile app version, it is gonna be alright and much interactice I hope. However, using it in weaker internet connection is often tiring... 4 issues... 1. One thing, please allow the use to subscribe or unsubscribe from the service without the subscriber requiring him to come to your office in person.... 2. You may also introduce two-factor authorization, like if someone even has got your pin, 3. Consider includng water billing and 4.update your apps often work on improvements",3,2020-06-26 16:02:20,CBE,Google Play
"1.Very unstable, continuously crashes. 2.There is an incredible amount of balance and transaction synchronization errors. 3.Have tries to make a transfer of 60k since yesterday still not able to due to errors popups with no message to explain error. For a bank, that is quite embarrassing and dangerous.",1,2024-03-09 16:11:53,CBE,Google Play
"I updated to the new version a while ago and it keeps crashing, maybe you can fix it.",3,2025-02-02 10:23:53,CBE,Google Play
It is a a much better App than other Private Banks. But you have to include the following options; 1. The Bank Statement should be Unlimited. It should allow to see all Transactions by Tracing Back. No Need to Limit it with only one Page Transaction (May be 10Page). 2. You have to Work on transferring Money to other Banks too. You can ask additional payment for it. But the Service will be Essential for Us.,5,2021-09-21 07:46:23,CBE,Google Play
fast and simple easy to use 👌,5,2025-05-12 15:39:56,CBE,Google Play
"I have not seen anything like it in the Ethiopian banking industry. It is very easy to use, fast, and offers a wide range of services. However, I would like to suggest a future modification: currently, the app only displays transactions for one month. It would be beneficial if it could show transactions for more than one month, including yearly transactions. Please consider this request. Thank you, Commercial Bank of Ethiopia, for this innovative app.",5,2024-07-19 18:51:55,CBE,Google Play
"This has so many bugs and doesn't update transaction logs in time, to make it worse it shows error message when you send money but deducts from account at same time but never lets you know that the transaction was successful. And it has very annoying greeting notification.",2,2024-08-09 11:14:24,CBE,Google Play
We're going to stop using not only this apk additional to stop all CBE services. bcz of when to use the apk it doesn't work properly/ doesn't sync /.... + started from last 2 months they're cut 5 birr without our permission for commission. + Cut 10 birr from us when transfer to telebirr... Uuuu CBE'jobs,1,2024-03-12 12:01:31,CBE,Google Play
"I have been using this app fair smoothly till the last update few days back and now it is a disaster as it repetitively says 'unable to sinc ' and when I uninstalled it and tried to re-install with proper procedure guided from my CBE branch, it again and again fails to accept verification code ...it is quite a disappointment !",1,2020-09-15 20:39:40,CBE,Google Play
I have been using this app for the past 2 years and I never had faced this kind of problem The problem is when you want to transfer it always says error or account pending then you think it didn't work unfortunately when you check your balance again it's already deducted,1,2022-11-04 23:37:38,CBE,Google Play
"It's full of crashing features, can't sync real time need 3,4 touching doesn't work many times. In fact it's not working now I'm afraid if I uninstalled it I will be forced to go to the branch to activate it again so here I'm stuck with the app unable to access my money",1,2024-03-14 08:38:05,CBE,Google Play
Poor application most times it says error while sending then it actually sent money so u have to double check if its an error or it sent cash. recent transaction don't update as fast sometimes it even misplaces date and bring forth a transaction done a day or 2 back at the top.the only thing remotely good is the UI interface,1,2024-04-12 15:57:16,CBE,Google Play
"This app is not set up for diaspora users. It works fine until you needed a new verification code, or you change your cell phone and try to use the app on the new phone. You will not be able to get the verification key that it is asking for just for changing your phone. It requires you to go the nearest branch to get the verification key. For me this will be travelling to Ethiopia from USA just to get this code. Even my sister - a joint aact holder & has my Power of Attorney, could not help me.",1,2024-10-11 00:27:52,CBE,Google Play
"I am extremely disappointed with this App. Every time I try to change my PIN, I receive an error message saying ""unable to connect to server."" Additionally, my transaction processes always fail. As a well-known company, I expected better service from CBE.",1,2023-11-11 07:03:45,CBE,Google Play
"Dear all, if you're an iOS user then the new update doesn't work at all. Those of you who use the Android App and you've been having troubles your user credentials have expired that's why it doesn't even load your balance, so you need to go to your branch and have them fix that!",1,2021-05-18 12:03:13,CBE,Google Play
"App needs lots of updates to accomodate more demographic for Ethiopians leaving overseas. - Ability to use user name and password to use the application. People leaving over seas if they lose their phone, they can't have access to the application again unless u got to Ethiopia and activated it on the new phone! That's rediocoulus. - This application seems like it's a transfer application, not a bank application. I should be able to do more things such as viewing bank statements and more....",3,2024-08-21 15:30:56,CBE,Google Play
The fast and easy to use app there is nothing to deny aboutt that... but it has a serious issue on showing transaction history like if i send or receive money i ll find the transaction history after a day. When the sms message is not working at some days the issue get worse like we dont have an idea how much money we have received. I dont this this issue is hard to fix for you hope you will fix it on the next update....the app deserve 4stars tbh but i just want you to see this seriously thankyou,1,2024-09-11 20:25:11,CBE,Google Play
"My internate banking is not allowing me to transfer to another bank. While having this app, the application asks me to contact a nearby nmbranch. Don't save your money trysting this application. It is so bad! It doesn't even have help icon included. I dislike this up.",1,2022-02-04 14:00:15,CBE,Google Play
"Good mobile banking application except some bugs. For instance, when I transfer money from account to account, an error message called 'already existed account' appears. But the money was transferred without any confirmation message. If I was not aware of that, I tried multiple times and sent the money multiple times too.",5,2023-01-06 21:50:49,CBE,Google Play
"I used this app for a long time , and i like it, its user friendly, not complicated at all, and more over it makes life easier for real. But the now after some times, this app is working better only on wifi, .. its veary hard to use it with mobile data, so please do something",3,2021-06-08 06:28:05,CBE,Google Play
"This one is better than the previous versions. But am unable to send to benficiaries, it was working on the previous versions. While working on the other features please work on this failure too. Thank u!",4,2021-08-24 10:26:49,CBE,Google Play
"I would have given the app 5 stars if the download or share function of the last transaction confirmation is working. I wonder why you desabled it as I repeatedly obliged to screenshot the confirmation. If I were you, enable is as even pdf file to print and file. I hope you will correct by updating it.",4,2022-05-30 17:34:38,CBE,Google Play
Can't use this app after unsubscibing previous phone holders account and reinstalling. While I enter pin and activation code it says failed to authenticate and finally blocks the pin after 3 trials. I have been retried more than 3 times and finally gets stuck. Pls help.,4,2020-11-01 23:25:31,CBE,Google Play
"The app is good. However, whenever you changed your phone it requires authorization ID, approaching a branch is mandatory. The password reset option should be available to the user by adding other security details like user name, biometrics, account number, etc.",3,2023-03-10 21:54:58,CBE,Google Play
"The app got dumber in the last update. Poorly organized, redundant item across different categories. I wrote this review with my phone barred from calls because I couldn't settle my bill from your old ""utilities"" or the newly added ""utility"" tab.",1,2024-03-06 14:08:57,CBE,Google Play
"The old one was very bad and clumsy. every time I tried to login there was a problem with synchronization, because of that I was close to clear my account from CBE and open a new one in privet bank, as they cares about their customers. In other hand the new one is perfect and shows a little bit reformation in the Headquarter and this makes us to trust this bank again.",4,2020-08-01 23:13:26,CBE,Google Play
easy to use and user friendly,5,2025-03-31 18:44:26,CBE,Google Play
"As a financial app, the app should be more sensetive for any action. When i do some transaction, it shows error message. But the transaction already done at the back. If you see error messages, it may not be error. Automatically stop doing any action see your balance and wait for your sms.",1,2022-11-01 09:24:35,CBE,Google Play
"Won't update my account balance, severely out of sync. When I checked at the ATM it was a completely different number. General cbe problem, but the transactions take 10 days to post from a POS transaction. Makes t extremely difficult to use.",1,2023-12-14 08:29:14,CBE,Google Play
It is a very good application. It works better than any other applications i came across. I have seen much progress since the first time i started using it. Still it needs some improvement with connectivity issues.,4,2023-01-03 17:15:07,CBE,Google Play
"the App is one of the BEST things to have in Ethiopia but one of major problems is shows incorrect statements and incorrect available balance, merchants and supermarkets doesn't deduct right away 😑 deductible may come after weeks or month, once u already forgot about it and so many things to work on. please take it seriously Thanks 😊",3,2022-11-16 11:47:42,CBE,Google Play
"I am so disappointed because the application doesn't clearly show how many birr it will charge for every transaction rather than just deducted the money , as a user we should have the right to know the amount of money that is going to be deducted. It is a very deceptive tactic , it should be improved immediately.",1,2024-12-15 08:02:03,CBE,Google Play
"It's a beautiful app. But especially when transferring from one account to another, if a receipt is prepared stating the name of the sender and the name of the recipient and the amount of the money. Also, if people make a mistake when making a transfer, it would be nice to have a system where the mistake can be reversed.",5,2023-12-11 22:38:41,CBE,Google Play
"The app doesn't have 1. mini statement service In my opinion, I don't have to go to cbe branch to get mini statements and transactions I have done and pay for it.why? 2. Recent transaction The app doesn't store numerous or enough recent transactions, even it doesn't store what stored properly sometimes.",1,2024-09-02 13:32:35,CBE,Google Play
because sometimes it doesn't working it load too much,3,2025-04-17 09:01:39,CBE,Google Play
It's good but try to make it facilitate for your client,4,2025-06-02 09:11:40,CBE,Google Play
"I have one complain, why it require verification code every time when i change my phone or reinstalled the app, as you know that code i can get it only from the branch. I know that it demanded for security reason but this method could be changed by otp sms text then i enter my own PIN and log in. couldn't you send us otp (One time password)? For instance like Dashen Bank. i waste my time and money to get verification code. You seriously think about it.",1,2023-07-23 09:57:18,CBE,Google Play
"In the beginning, the ability to capture the history was small, now it's a great job to capture all the transactions and the user can see them, another problem is that if a transaction or transfer is made, the number of the receipt will not be downloaded when saving to avoid it, unless a screenshot is taken, it would be better if you fix this.",5,2023-01-25 11:11:13,CBE,Google Play
Amazing applicatiom sometimes doesnt work!,5,2025-05-18 16:37:20,CBE,Google Play
"I'm actually forced to review this app again, it used to work fine on any network but after the last update it doesn't work on a wifi network, what if i don't have a data on my sim card and i needed an urgent transaction be made, it really makes me angry that you guys would update it to this dictatorship, please fix this",3,2023-10-26 11:18:57,CBE,Google Play
I never want to use this app. I like to type *889#. I just hated to go to the bank to activate the app. It took them 1 minute to do it. Now I just bragging I can recharge my phone with one click. Nice interface keep at it.,5,2020-09-25 13:42:18,CBE,Google Play
It functions to the most part until you need it. The most common flaw is when you send money to another bank account. It shows error but the money is actually gone. I paid twice at least 4 times because of this.,2,2024-08-29 14:13:16,CBE,Google Play
"It is a very nice and easy app to use. There is only one thing i would like you to add. If you could transfer from your account to another person's telebirr account, it only works to your own phone number",5,2024-05-02 16:04:42,CBE,Google Play
"Better than pervious,Nice interface and looking. However , *better to include balance after each withdraw/deposit. *include water services ( You show it in the app but not there) *Make it Printable via bluetooth printer *",3,2020-08-18 17:47:25,CBE,Google Play
"Terrible! I had to use it to pay for my service at Document Authentication & Registration office. I hit confirm it says try again & I hit confirm again & it ends up sending the money twice. Then I had to write a letter to the office to get my money back & it is been more than 2 weeks but I didn't get my money back yet. I talked the issue to my branch they said you are lucky the issue is with a gov't office, they would do their accounting and return your money, but there is nothing they can do.",1,2022-03-05 07:05:13,CBE,Google Play
"After the update I received today, I have tried to conduct transfer to other CBE accounts and it continously brings error messages saying none available. It is also not allowing me to download the transacation picture as is advertised here. Please do something CBE as this app is continuing to frustrate me again and again.",3,2021-06-04 20:01:43,CBE,Google Play
"Its amazing app , i like it specifically updated version is to smart . WOW CBE. But users have to Login without of goingto Bank after first registration . In this app If User was change His phone or uninstall app Hi have to go bank to use again, this is not good :: if this problem was fixed This app wasn't Any - comments. This is my feedback Thanks",5,2022-03-18 12:34:46,CBE,Google Play
"grate application, simple and fast. just 2 comments. 1, on recently transaction list please make the very recent first. it lists randomly. 2, put a copy icon next to account number so that we can copy instantly.",5,2023-10-14 05:33:35,CBE,Google Play
It is very comfortable and simple to use!!! But whay standing order is not work?,5,2025-03-13 10:51:02,CBE,Google Play
"Amazing, very friendly and awesome application. Only one drwaback is that you are not willy to make it active after blocking the mobile banking via 951. I am not still using once blocked. You send me to the branch banks but they don't have enough skill to help.",5,2024-05-12 17:24:57,CBE,Google Play
excellent app for account transaction specially for bussiness customers and a good method to pay bills and different personal payment.,5,2025-03-15 11:50:11,CBE,Google Play
"It is best application for banking system. Because it's save time, and make easy all things like, paying for other, transferring mobile charging and etc... But it's good if you add mini statement option like tele birr app, it's make full.",4,2022-05-05 20:19:41,CBE,Google Play
New update version 5.0.9 keeps crashing it needs maintenance,3,2025-03-19 20:11:50,CBE,Google Play
"Before years later i used this app and is used to work in mobile data eventhough it doesn't have different features like this version but now it doesn't even sync my balance and even can't use any of the services it says "" can't sync "" and "" none available "" 😡🤬😡",1,2020-12-16 02:57:31,CBE,Google Play
"It is a user friendly and helpful app. It has greatly helped my day to day activities. However, it requires improvement on the weekly transaction limitations and it sometimes crashes.",4,2023-05-02 11:49:23,CBE,Google Play
"Very unsafe! The password is stored in the phone, which is very unsafe. And once you entered the password, there is no timeout nor ask for password while making transaction. Therefore, if you have stolen your phone, you may end-up loosing your money",1,2021-10-13 21:16:23,CBE,Google Play
The app protects me from screenshot after update. Please make revision on the app.,4,2025-03-22 23:49:58,CBE,Google Play
"""get your verification code from your nearest branch"" ia the first amazing dialogue your face, when you try to setup your CBE App. It is a way back system that requires you to go physically. You should have sent a verification codes either via phone number or email address. You better change this analogue system to the digital one! 😀",2,2024-07-13 20:48:26,CBE,Google Play
"It worked fine until I have received an SMS with a link to update the app, it directs me to play store having Open and uninstall options which when I choose open kept bringing me back to the interface of the app I already have.",1,2022-02-12 16:48:53,CBE,Google Play
"this app is very useful app,it saves time,and it is secure",4,2025-05-21 11:43:38,CBE,Google Play
user-friendly apps.because this app is easy.,5,2025-05-22 16:46:03,CBE,Google Play
sync problem may 22 2025 but the date stack on may 8 2025 help pls,5,2025-05-22 16:03:46,CBE,Google Play
"It's very bad. It deserves 0 stars. It doesn't show some transactions,it misplace transactions,it misplace dates,it shows nonsense errors and so more. I just rate it to 2 stars for helping me a lot.",2,2024-04-14 17:40:03,CBE,Google Play
Great impact but why Developer option turnoff if you fix 🙏 🙏 🙏,5,2025-05-17 13:50:46,CBE,Google Play
it is reliable and easy to use.,5,2025-05-20 17:50:21,CBE,Google Play
The fastest transferring app I ever had its so reliable,5,2025-05-11 14:03:25,CBE,Google Play
"i can't make Screenshout in this app, please made modification",5,2025-05-20 08:44:31,CBE,Google Play
i am very happy . i have small prob. after i transfer i cant put the transfer cashe bil to my dic.,5,2025-05-07 10:04:12,CBE,Google Play
"This app is good and easy to use UI. But, still need some bug fix such as own account transfer and payment to beneficiaries didn't work. Localization also not yet work like date conversion...",4,2020-11-10 14:55:38,CBE,Google Play
it's easy and fast,5,2025-05-10 13:39:25,CBE,Google Play
the most annoying mobile banking app I've ever seen,1,2025-05-20 17:21:51,CBE,Google Play
I wasn't able to try your app because while opening the app it's says your device is rooted. Even if it's a precaution incase of hacking but my device is not rooted. I even disable OEM unlocking but the error is still there.,1,2020-10-27 11:23:50,CBE,Google Play
"it,s good app and time manager 👍",5,2025-05-30 19:13:36,CBE,Google Play
It is veary useful app but screen shout was impossible .solve this problem,5,2025-04-01 08:59:21,CBE,Google Play
"1. It is good, flexible, simple and easy. But it can't serve offiline and didn't compliment with the ussd *889# 2. Checking Account balance is off and hidden under transfer.",4,2024-01-17 02:08:06,CBE,Google Play
"Can developers present options to see transactions details like locations ( city ) or CBE branches where transactions are initiated or identity who wired transfers rather than simple generic term ""transfer"" ? This option helps to track cash in flows without going to nearby CBE branch to learn details of a transaction. Apart from this, the app is great and make life easy.",4,2021-09-03 06:33:13,CBE,Google Play
It's the worst! I just transfer from my cbe account in to my tele birr account for urgent case but unfortunately it holds. And there customer service workers told me it will be returned in to my cbe account after 3 or 5 working days if its not credited in to my telebirr account. How's that working? This bank is a pioneer in from the country. It's really annoying this happens for second time. Please amend your network services. Am totally annoyed by cbe.,1,2024-09-07 15:54:58,CBE,Google Play
Very poor app. I had to make 8 transfers of the same amount as the app did confirm success of the first or second or third etc. transfers. I had to pay etb 13 birr 8 times each for service charge.,1,2024-02-02 17:33:57,CBE,Google Play
"I have seen lots of issues on this app one of them is you can't use them in multiple device and you have to go to the place you opened your account in order to get mobile banking even if you change you device you have to go to the branch to activate it, why can't you just make it easy like the others banking system in Ethiopia. You should learn from abbisinia and dashen to be honest",1,2022-10-18 14:29:27,CBE,Google Play
"Great Experience 👍 but there is o e thing that highly bother me *the password to login every time you open the app 😒 it ask you a pin instead what I say you can make it to be a fingerprint, because putting password continously so frustrating and also not secure as somebody can see our pin Thank you 😊",4,2022-08-29 04:10:45,CBE,Google Play
this app is very useful but sometimes when you want to see specific transactions it didn't work so that way i gave you 3,3,2025-02-10 17:38:54,CBE,Google Play
Nice to see more transactions BUT if u have lots of transaction it lags and becomes slow. May be an option to limit the transaction history to a reasonable amount or by date so it doesnt load all data.,5,2021-12-29 13:56:20,CBE,Google Play
"the app is very good, but why screenshots is impossible?",5,2025-03-31 20:54:32,CBE,Google Play
best app for this vast digital finanical word,5,2025-03-23 06:23:03,CBE,Google Play
wonder full and it is easy to use,5,2025-04-08 15:41:25,CBE,Google Play
why did the screen shot stopped ?????,3,2025-03-24 11:04:50,CBE,Google Play
"realy I donot seen like this application ! fast ,safe ande confortable",5,2025-03-28 08:40:37,CBE,Google Play
bring back the screenshot feature.,1,2025-04-05 20:17:01,CBE,Google Play
very good app and stars faction with work,5,2025-04-02 01:37:43,CBE,Google Play
easy and reliable,2,2025-04-08 13:16:22,CBE,Google Play
You need to copy many things from other bank apps like Amole(Dashen),2,2025-04-06 10:41:10,CBE,Google Play
Can't scan/recognize other banks' Interoperable QR Codes,1,2025-04-13 23:48:47,CBE,Google Play
"Always says INACTIVE, sometimes doesn't sync, other times says go to the nearest branch and when I go they take forever. How come I am not allowed to see all transactions?Mobile banking is for saving time and efficiency. Non is takingplace. Why should I be forced to use my account everyday? I should be able to use it whenever.",1,2024-03-30 10:54:21,CBE,Google Play
very interesting app i am using every day fantastic,5,2025-04-14 14:12:07,CBE,Google Play
Screenshot or slip not working,2,2025-03-22 21:22:55,CBE,Google Play
"I like the app because it is fast for transaction. But still you have to work on it like user full name, bank statement pdf pin at the end of the app. You have to add that features on it. Thank you.",3,2023-08-06 12:08:20,CBE,Google Play
very busy I don't know why... I prefer 889,3,2025-05-22 19:55:41,CBE,Google Play
I have been using this app for long period of time & I'm very happy. because I'm also use other banks app and nothing can compare this. I know so many people using this app too & we all happier by using this app especially it gives us very helpful recently data for long period of time which is the money we sent and received with very clear info. And its reduced the time which we spend by printing statement on branches. But on this version this future shortened by limited recently data. Whyyy???,2,2023-03-20 00:11:48,CBE,Google Play
how do you disable screenshots on a banking app you are very unserious people,1,2025-03-21 11:19:31,CBE,Google Play
"Over all Nice app, But I do like to point out a little bit of an issue. The transaction history tab needs a lot of work. It is so sluggish to a point it makes the app crash at times.",4,2023-01-04 15:17:30,CBE,Google Play
"It's a very nice and simple app but, when checking the transaction details, it's not showing who sent/deposited money into my account. Especially when I receive money from organisations.",4,2023-01-12 10:51:14,CBE,Google Play
It's best app but Please add(included) payment of water bill,4,2025-03-17 12:44:47,CBE,Google Play
"It's been long time since i stepped on a door of a bank. I send, receive a mony, pay my utilities and do all the finantial stuffs. I loved it!! But I think the security should be more. stronger. Like making the code 6 degits. Thank You!",4,2024-02-14 16:24:09,CBE,Google Play
It is a great app what i always prefer.but there are some shortcomings like all account wide statements are not seen and the receipt should contain the banks legal stamp after we completw the transactions. Continue.....!,4,2023-07-07 12:07:14,CBE,Google Play
- Stop showing toasts on errors. It keeps showing up after app is closed - Show paged transaction history. The latest 10 is not enough. - Network error is happening and it's taking money without filling airtime to my phone ...,1,2020-12-13 04:01:34,CBE,Google Play
"I've been using this app for over a year. It's user friendly, but my problem with it is that it only tells me any transaction I've made through this app after a day or two. It doesn't show right away so I need you to fix it ASAP please.",4,2023-03-22 21:18:34,CBE,Google Play
This app is the worst the current release doesn't work when developers mode is on and the transaction errors make you transfer money twice with errors,1,2025-01-13 12:40:36,CBE,Google Play
The most worst update. It even doesn't let you know ur balance. It doesn't respond quickly.,1,2024-12-20 13:05:53,CBE,Google Play
"Keep saying ""unable to connect"" after a normal phone update. Please update the app to match latest phone ""updates""",1,2025-01-07 02:25:32,CBE,Google Play
"After the new update I'm struggling to use this app,it suddenly crush or close automatically pls fix this problem",1,2025-02-05 12:18:52,CBE,Google Play
Convenient and safe to use! Better to show more transaction history 👍,5,2024-12-14 19:50:23,CBE,Google Play
It stuck many time i can't transfer my own money the time i need it must be update but if the stucking prevent it is great app,3,2024-12-18 14:04:52,CBE,Google Play
"It's a shame,it can't performe well,you guys can't even fix a bug, It's getting unusable, shame shame shame 😡",1,2025-02-28 12:45:51,CBE,Google Play
I don't have an idea why our country soft wares needs some beroucracy?? How many peoples knew that about developer options N why is the new app forceing to disable that?? in my side i didn't get the apps as of b4.,1,2025-01-28 10:07:46,CBE,Google Play
Turning off the developers' options :( This is getting out of hand. We don't need to go through that...,1,2025-01-28 19:19:32,CBE,Google Play
Why do i have to close the developer option to use it. After the update it's not even working unless I close the developer option,1,2025-01-07 12:14:53,CBE,Google Play
Thank u for the easy operating service .It made life simple and accurate.Keep it up!!!,4,2025-01-03 18:10:13,CBE,Google Play
The latest updates crushes repeatedly on my Redmi Note 12 pro plus. If you could correct the issue.,1,2025-01-30 16:32:03,CBE,Google Play
The worst I had to flight back to fix my app it need you to go back every 4 month not reliable for foreigners,1,2025-01-31 15:40:05,CBE,Google Play
"This is the worst update ever, the older version was better. It has so much bug.",1,2024-12-20 18:57:09,CBE,Google Play
It is Better to use and Save time. I truly appreciate the Bank System.,5,2025-02-25 21:51:36,CBE,Google Play
Updating the app is must everytime they release it even to reload the transaction.,2,2025-01-29 16:34:26,CBE,Google Play
"Simple bug fix, would help if current exchange rate is displayed on the app.",4,2025-01-01 21:39:47,CBE,Google Play
"You can not track your transaction history with correct date, time and order",1,2025-01-07 08:41:50,CBE,Google Play
This application is an unreliable application. Please do not use it. Hackers will enter through the application and take the certificate from CBE.,1,2025-01-18 17:03:07,CBE,Google Play
The app crashes too many times. It's a buggy app,1,2025-03-03 10:56:52,CBE,Google Play
"Best app of the bank.But,when it needs apdate,customer must be notified in my point of view.Otherwise,customers saying ""Mobile banking is not working today"" is bad moto.",5,2025-02-10 09:10:40,CBE,Google Play
very inconvenience to use. unreliable and needs upgrades!!!,1,2025-01-23 02:08:23,CBE,Google Play
"Money transfer options is not giving correct input, and there is no way of knowing whether the money was successfully transferred.",2,2025-01-16 03:40:48,CBE,Google Play
"I am facing difficulties related to network issues, while I have a good internet connection.",1,2025-01-11 15:04:45,CBE,Google Play
It is good app but not have statment 1 week 1 month only 2 days and it is not order by time,5,2025-01-08 17:34:22,CBE,Google Play
"I have been accessing my CBE from abroad very easily without problems .Good job, guy.",2,2025-01-22 06:13:36,CBE,Google Play
The qr code scans must be backed to see the transfer is done and to use it easily,2,2025-01-25 18:57:14,CBE,Google Play
"After the last two update, I am facing the worst experience with this app.",1,2025-02-02 07:44:25,CBE,Google Play
"It is a shame not to appreciate the recent system improvements that the Commercial Bank of Ethiopia has been making, and I have no doubt that it will be different from this, InshaAllah. Another thing I would like to comment on is that the current method for transferring money to Telebir can own be sent to the person. So, it is possible to send money directly from the Commercial Bank to other banks. If you make it possible to transfer money directly to anyone, I would be very grateful.thank you",5,2025-02-06 17:51:31,CBE,Google Play
"It is Nice, but some times details of credited amount not shown from whom sent.",4,2025-01-12 04:53:48,CBE,Google Play
"Great UX, simple to use yet has all necessary features.",4,2025-02-24 08:31:09,CBE,Google Play
the most boring Mobil banking application in ethiopia.Please use alternative private banks mobile banking apps,1,2025-05-22 18:27:34,CBE,Google Play
It's a good app but I have two suggestions. It would be nice if it had an option to change between our own accounts. The option for downloading and sharing transactions that we have made does not work,4,2021-12-24 15:02:37,CBE,Google Play
needs improvement. can't see who makes the transfers the name should be seen when the detail is selected. also i have different accounts in my name and i can only use my phone for one account only ? mobile banking has become easy ....commercial banks of Ethiopia......you need to keep up!!!,1,2018-11-07 19:45:31,CBE,Google Play
"Dear CBE Team, The updated version of CbE application is very interesting and has an additional features which is very nice but still the app doesn't have an option of transferring money into another Telebirr service number rather than own Telebirr account...so please add this feature.",4,2023-03-12 16:12:48,CBE,Google Play
I have been used this app from the beginning and like it. On the current updated version it states we can share and save the transaction details. However it can't share or save. The only option I am using is Screenshot. So would you please review it?,4,2021-06-09 19:55:15,CBE,Google Play
"I don't know what to do with this app anymore..after I synconized it, it doesn't show the features or the tools that needed to use for, just it shows my balance.. needed to be fixed asap.",1,2021-05-08 15:42:52,CBE,Google Play
When you refresh your account it's slow and it doesn't tell you the latest update time. This means you don't know whether the figure you see is old or new. This upgrade was actually a downgrade!,1,2020-07-27 16:25:11,CBE,Google Play
"Good but needs improvement. It should retain my settings. For example, I turned off the cbe- Noor option, but everytime I open the app, it defaults back to the previous setting.",4,2023-05-06 14:18:29,CBE,Google Play
"With the recent update, I faced a serious problem similar to those mentioned by others. Hence I have to uninstall and reinstall the app...and it is working well now. I strongly suggest if CBE makes a regular check and take a quick corrective actions on reviews made by customers!!!",3,2019-03-14 23:38:42,CBE,Google Play
its good and simple to use,5,2025-05-02 15:47:48,CBE,Google Play
"I like the app, easy to use, if possible please add some more features like calculator. Simply add one more icon with calculator function, so the users can easily do some calculation without closing the app.",4,2024-10-15 14:45:16,CBE,Google Play
Unrealeble in many ways; double payment more than 5 times; frequent interruptions; and don't produce receipt more often. CBE - pls come up with a better version as we move more and more to e-payement.,3,2023-12-27 12:48:26,CBE,Google Play
"While Travelling, I couldn't transfer money from my account to another. I had to delete❌ the app and re install and then wait until they give me authorization code.... too complicated.",1,2022-11-13 08:19:00,CBE,Google Play
"The app is broken, I can't see my balance or use any of the services ,when I try to transfer or do any thing else, error message ""none available ""appears. Please fix this problem.",1,2024-01-24 22:47:40,CBE,Google Play
"Trasaction Reports are not full, the list only shows the last 10 transactions, I need to see every transaction I made , and make a contact us page on your app too, other than that it's a good app",3,2024-02-14 15:52:18,CBE,Google Play
"I am out of Ethiopia I used to this app.It's very nice to use. but now I can't use. Also i tried the new version 4.1 and it doesn't work. I can't check my balance,transfer.... please help me!! how to solve the following problems? => can't sync & => none available",4,2020-07-27 13:06:17,CBE,Google Play
"Wow cbe keep up the good work, the interface is very attractive,the processing speed is good(needs to put some effort),canceling or aborting any proceeding task seems impossible(of course the payment process should not be interrupted...i do agree)...all in all, I'm hoping this will be resolved soon by the updates...",4,2024-02-27 16:11:37,CBE,Google Play
"1. Still no biometric sign in option 2. Annoying welcome notification 3. Not able to share payment receipts just from the app 4. Different interface from one mobile device to the other one. 5. In general, the app requires overhaul to cope with other mobile banking services of banks.",1,2024-02-16 22:10:55,CBE,Google Play
i miss the old one i couldn't send my mony to other bank..,1,2025-05-06 13:34:08,CBE,Google Play
Fantastic app! I appreciate it very much,5,2025-03-27 18:11:31,CBE,Google Play
It's a quiet good and smoothly accessible app which allows users to transfer and deposit but it would have been very great if there was a chance for topping up or Adding balance to your account.,3,2024-02-16 07:47:49,CBE,Google Play
Disappointing! I lost my phone so I went to a CBE branch to reactivate it (unnecessary imo) waited for 2 hours to receive the verification key for it to be useless and invalid.,1,2022-02-10 16:32:48,CBE,Google Play
cbe very active Bank I'm using CBE app very very satisfaction,5,2025-04-03 16:04:21,CBE,Google Play
The best application I have ever seen in Ethiopia banking industry.,5,2025-04-17 18:58:17,CBE,Google Play
"Very smart app, but it's not compatible for all android version. So, please amend it since almost all users use mobile apparatus that have a version of below 6.",5,2020-08-11 22:34:53,CBE,Google Play
"1.I have to log out and wait for more minutes to make another transfer . 2. I get charged for a not satisfactory transfer amount. 3.On some days I see some transactions with different amount of transfers which I don't do . 4.I can not transfer more than 20K. and charger for every transfer is not fair 5.And l wish to know ""For Ethiopians where exactly is there country to live in""",1,2024-11-26 13:43:10,CBE,Google Play
At the biggning the app was normal and very handy. Now It's so slow and i can't even load my transactions properly. Not only the app all your customer services are declining so it's better to correct what you have done wrong. Thanks!,1,2023-09-01 17:44:44,CBE,Google Play
what an amazing application in Ethiopian Banking industry which is very interested one!,5,2025-03-31 06:12:02,CBE,Google Play
"This application has many problems, 1.This application requires physically going to bank to configure it for the first time. 2.It doesn't not have strong authentication policies 3. Unlike other bank applications it does not support username, password and email/phone number authentication 4. Sometimes it does not work",1,2020-08-19 14:54:46,CBE,Google Play
It was working fine till recently. It suddenly stopped showing me the balance on the front page and all service features are not working. Hope it gets fixed soon.,4,2022-11-10 16:52:47,CBE,Google Play
Shame to see one of the biggest bank in east africa. Have this app 1 .you try to send money.. it will fail on the way you try again and your money have been sent Twice. Then you have to ask the Receiver to send the money back to you. 2. Try to refresh to see your recent transaction and it will show old transaction. Clearly they don't care . You can get your statement easily via telebirr. But cbe you have to go to branch and beg sometimes Bribe the managers to get your own bank statement . Shame,1,2023-11-23 17:41:30,CBE,Google Play
It literarily don't work at all,4,2025-04-01 04:58:15,CBE,Google Play
I can not use the app after I reinstall it while I am abroad. It requested me to get security key from nearedt CBE branch. There is no CBE branch overseas. Due to this reason I can not acess my acount using the app!!! CBE should resolve this for diaspora customers.,3,2024-01-11 13:56:36,CBE,Google Play
Great application. But when it opened after Minimization it doesn't ask for pin. I mean it directly opens which is not safe. Anyone who has the phone can transfer or do other activities. please Update the app in to new level.,3,2023-11-21 19:56:12,CBE,Google Play
"It is helpful app which can be used easily but one important thing, when you send or receive a money it does not appear the hour and the minutes. You don't know if it is afternoon or morning. It is better the receipt to have date and time.",4,2024-05-17 21:22:34,CBE,Google Play
Commission paid 5 birr that alot even if I didn't do any transactions they still cut 5 birr soon I will run out money because of this o regret using this. I'm student I don't make money they have to consider what they doing not just that after first time using it they will take/cut 50 birr for fee that unreasonable. DONT USE THIS APP !!!!!!!!!!!!!!!!!!!!!!!!!!!!!!!!!!!!!!!!!!!!!!!!!!!!!!!!!!!!!!!!!!!!!!!!!!!!!!!!!! I HAVE SCREENSHOT FOR EVIDENCE DONT REPLY ME THIS IS accusations,1,2023-12-03 21:46:51,CBE,Google Play
"The app was working properly, but in the last two days, it showed not available while I am in a good network area with both wifi or data. Please fix it. With regards",3,2023-11-19 07:58:42,CBE,Google Play
looks great but it has no option for accessing our transaction history....for some days back ...this makes our work bad,5,2024-12-27 16:13:39,CBE,Google Play
"app is crashing with the new update. please fix it as soon as possible. I am in another country and not able to make transactions. Please, are you reading the reviews? Guys does anyone know if it works by uninstalling and reinstalling without needing to go the bank??",1,2019-03-21 13:29:30,CBE,Google Play
"Its a nice app and banking services. I have two questions&/ suggestions, why the beneficiary lists are sometimes not available/ not working? It will better if you allowed to see more than one page transaction statement.",4,2021-11-06 09:28:38,CBE,Google Play
"There is problem with sudden system or software failure. And most importantly the history of transaction is too short , at least we must be able to look at monthly statement on the app!!!",3,2021-01-31 19:10:27,CBE,Google Play
"I have been using the App since it is first released and it has been nice, but the latest Update are very worse the app crashes frequently and drains battery highly.",3,2025-02-27 18:06:41,CBE,Google Play
I use this app all the time on my business but sometimes it is difficult to use in rural areas. because there is not enough network. so what if you prepared it for the public to use offline?,3,2025-02-09 18:17:29,CBE,Google Play
"I have been using this app for one year.It Is an amazing application,I have never been used such like app in my life.It is very interactive ,compatiable with any android phones,easy to be used by any one irrespective of any level of education and very realiable to realized digital banking system all over the globe.I Wish all banking sectors will update their mobile banking system based on this app. CBE is My bank and I Proud of it Shumet Mamo Sassie",5,2023-12-26 18:22:19,CBE,Google Play
worest app like that bank for security and network access,1,2025-05-02 15:44:39,CBE,Google Play
Hard app to rely on for business transactions. As it shows error message while the money is transferred resulting in sending money multiple times. Plus transaction details gets updated after days of the actual transaction.,2,2023-10-16 07:23:29,CBE,Google Play
best app and update more features *****,5,2025-03-23 08:33:05,CBE,Google Play
It's a very good fast service provider but at the moment the system is denying me,5,2025-01-04 09:14:48,CBE,Google Play
"The app that I use didn't transfer money to my telebirr account. There's no where to be found ""Transfer to Telebirr"". Only transfer to Telebirr agent is available and it require short code. It turns to be boring app ever.",1,2024-01-24 17:48:20,CBE,Google Play
It used to work fine but nowadays if u try to use it after midnight it doesn't always work either with Wi-Fi or data and sometimes we gotta pay things before the dead line and boom it doesn't work,3,2024-11-20 03:22:40,CBE,Google Play
I am more satisfied in this app . More sure you have to secure.,4,2025-04-01 14:37:20,CBE,Google Play
"Why can't we use this app with Developer Mode turned on, when other big international banks apps allow it?",1,2025-02-22 20:43:56,CBE,Google Play
It crashes frequently,4,2025-04-30 07:14:38,CBE,Google Play
well satisfied with this beautiful app,5,2025-05-18 11:11:52,CBE,Google Play
Alert The device developer Mode is turned on. Please turn off Developer Mode from device settings and try again to use this app OK What is this ?,1,2025-01-27 08:42:03,CBE,Google Play
"The latest update is creating a lot of problems. For instance, I had to reopen the app like 10 times to fix the ""NetWork error"" issue.",3,2024-02-13 12:29:19,CBE,Google Play
Simplest and good way of using Internet banking it very interesting app,5,2024-12-21 21:24:59,CBE,Google Play
Good and easy to use,5,2025-03-31 11:51:02,CBE,Google Play
"it's a great job.but one more thing, it hasn't been placed for transfer to other banks on face like mobile charge card place",5,2025-05-05 18:08:53,CBE,Google Play
Biometric security for mobile banking is not available,5,2025-04-16 08:57:55,CBE,Google Play
"what went wrong, I couldn't take a screenshot.",3,2025-03-20 14:17:38,CBE,Google Play
"I have a fitayah account, a type of interest free account, and because their system is unable to process anything for people like me I can't see any of my accounts in the account list on any transaction, although I can see it when performing security actions or checking my balance, as such this app is as useless to me as the previous one. Unbelievable",1,2024-02-18 09:28:12,BOA,Google Play
Can you please just make it functional. I don't think anyone cares how good it looks if not a single functionality works. Plus it's not even aestheticaly nice. The loading animated icon has white irregular edges because the logo wasn't cut out correctly. The app doesn't work at all. It doesn't even login. It gets stuck on login just showing the logo animation and blames the issue on connectivity. Connectivity is fine and the proof is that this review is posted.,1,2024-04-15 12:30:58,BOA,Google Play
"Developers/ the company takes too long to update the app, and throughout that process, the app is basically useless. We can't send money or even be able to check our account. They even take it down from the Play Store for a while. This whole process usually takes them 3 to 5 days. This is very disappointing. It is an improvement from the previous version of the app, but they still have a long way to go to compete with the likes of CBE. Transferring to other banks sometimes doesn't work.",2,2024-05-03 10:28:07,BOA,Google Play
"This app is a joke. It crashes more than it works, takes forever to load, and half the features are just decorative at this point. Can’t log in, can’t transfer money, can’t even check my balance without it bugging out. To the developer: Are you actually trying to make this work, or is this some kind of social experiment to test our patience? Did you build this in your sleep? Because it definitely looks like it. If this is your idea of a functional app, maybe consider a different career path🙏",1,2025-05-21 13:49:15,BOA,Google Play
It keeps showing this pop up to turn off developer options even tho it's off! I had to turn on and then off to make it work! This is a horrible experience and needs a fix asap! Plus kinda slow.,1,2025-04-19 07:15:54,BOA,Google Play
"Edit: New bug, app not letting me type in my otp codes. Shameful Why does this app not allow me to use it while having developer options on? Did y'all consider that I might, perhaps, be an actual developer? Why am I expected to toggle the option on and off just to bank (restarting my phone when I do)? Why is the message labled as somthing that will ""smoothen"" the experience? This is like the most ""security consultant"" thing to implement in an app. Please invest in actual security, not this mess.",1,2025-03-12 22:41:25,BOA,Google Play
"Hello, I’m facing a problem with the BOA Mobile app. Every time I enter my phone number and password, the app crashes and shows an error that says “BoaMobile closed because this app has a bug.” I tried updating, reinstalling, and clearing cache, but nothing worked. Please fix this bug in the next update. I really need access to my account. Thank you.",1,2025-06-03 16:21:34,BOA,Google Play
"i entered incorrect security question by mistake boa app lock pin forever, why is there no other options? ?? i contacted different branchs more then 4times but they didn't able to solve this issue .",5,2025-05-10 12:44:44,BOA,Google Play
"I’m giving this app one star because there are no options below that. My experience has been incredibly frustrating due to the extremely long loading times, and the app even closes automatically at times. People choose mobile banking for its convenience, but this app is far too time-consuming, making it the worst I’ve used. I hope improvements are made to enhance the user experience.",1,2024-12-07 22:40:19,BOA,Google Play
i would have given it a lower if it was possible because it crush so much and it take the bank so long to fix the bug,1,2025-04-08 10:12:19,BOA,Google Play
"This is the best app; many features are awesome, but it should work without the need to turn off the developer options. I'm tired of having to constantly switch the developer options off and on. I've been expressing my struggles about this. I have precious settings enabled in the developer options, and to open the App Boa app, I have to turn them off. Please help us, Abyssinia Bank. I hope you can provide an update soon.",4,2024-12-08 23:16:05,BOA,Google Play
"I don't know what is wrong with BOA as a bank in general. It's been going backwards since last year or so. The app is a disaster to use in every possible way. Not stable to log in and very slow to perform transactions, couldn't take a screenshot (or can't even find the pictures even using its save screenshot option). Most of the time, it fails to perform transactions and so on. Simply, it's the worst!",1,2024-08-03 23:59:13,BOA,Google Play
What's wrong with App. this days? it doesn't working properly. 1) it's VERY SLOW & doesn't open. it's very Annoying. 2) most of the time it says repeatedly Please try it again or try it later but again and again it doesn't open or work. 3) repeatedly it says something went wrong then it off the screen. I've updated the App. when it needed but nothing changed. 👉PLEASE if it has some issues with the App. Please fix it otherwise I'm going to uninstall it.,2,2024-05-08 15:59:05,BOA,Google Play
Worst App ever. Totally unreliable. And it didn't work at all for the last 4 months.,1,2025-05-18 15:36:47,BOA,Google Play
"What an awesome app! It is supper easy to use with very attractive GUI. But there are some problems to be addressed: (1) It crashes frequently and requires mobile cache to be cleared to relaunch. (2) Automatic OTP input is good. But fix the manual activation option, too. (3) It does not boot fast. (4) There are minor errors during the installation. (5) Color contrast: In the transactions menu, the credit accounts should be in dark green than light green. The debit accounts should be in dark red.",5,2024-02-06 21:14:35,BOA,Google Play
"Terrible Bank Experience It’s unbelievable that with all the modern technology, this bank still struggles with even basic transactions. The app constantly crashes, services are limited, and every time I try to transfer money or load Telebirr, there’s a huge delay. I have to wait 5 days for failed transactions to be refunded! Even USSD is unreliable. They’ve put me in embarrassing situations countless times, and customer care never fixes anything. I’ve switched banks, and you should too!",1,2024-10-14 08:06:39,BOA,Google Play
"I have a worst experience while using this mobile application through out the year. Most of the time it fails to ""Login"" or automatically closed the app. And also it takes so much loading time (5 minutes +) trying to access the internal services. Sometimes also while transferring within and to other bank also fails. So, BOA please fix your app.",1,2024-11-29 06:40:35,BOA,Google Play
"the app isn't working after it asked me the password it starts loading, but it doesn't open",3,2025-04-20 21:05:21,BOA,Google Play
"It crashes frequently. It launches on Android 8.1 but I don't think it actually works on versions less than 10. If so, it shouldn't be available for download by such devices to begin with, like many other finance apps are not. It was so much better three months ago, upgrades should be for the better.",1,2024-09-06 10:06:12,BOA,Google Play
"It can't actively on initialization, it says incorrect OTP getting the exact OTP",1,2025-03-29 14:29:38,BOA,Google Play
Bad app . it stuck when you open and noting WORKS.,1,2025-04-23 14:16:20,BOA,Google Play
"This app future is good, but there is problems with apps to reset and activate it, which is difficult even to the branch staffs, and it takes too long times to active at the branch plus most of the time high expected failure of activation after process at the counter and OTP sent not work",1,2025-05-06 18:06:33,BOA,Google Play
"Why the app doesn't allow to update the previous version. In addition to this, when I install the new version and try to activate, the app doesn't allow to write the activation OTP code to the screen. I have received the OTP password from telegram and email. Would you please fix this bug. Thank you",1,2024-02-03 22:01:10,BOA,Google Play
"This app has been found useless while I compared with the first version of IB12111...that was very good, you guys what is the matter with you. You are far from the technology and the competetor's digital product through convenience, reliable, easeness _-dashen, cbe, zemen... they are doing well! share their experience and be able to satisfy your esteemed customers including me. unless you will be down soon!",1,2024-04-29 20:18:09,BOA,Google Play
"I will give only one star, because it faced with multiple of problems. 1. The app is not as fast as the other banks App, for e.g like CBE 2. The App asks repeatedly to switch off developer options, even if it is switched off. 3. Bank of Abyssinia's services are interesting, but they ignored the issues on the App service. 4. Most customers gave a complain on the App, but no one accept their complain to fix the issue. 5. Lastly, I will not recommend the App unless the issue has been solved ASAP!!",1,2025-01-03 07:56:58,BOA,Google Play
This app is incredibly frustrating to use. It’s filled with issues that make it difficult to navigate and complete tasks efficiently. I’ve never encountered such a poorly designed banking application before. It needs significant improvements to enhance user experience. It deserves a vey low rating.,1,2024-09-26 21:13:35,BOA,Google Play
"The version 24.04.26 is not opening on any of my devices. I noticed this issue on my friend's Android 9 phone and also on my Samsung Android 12 phone. Even after weekly updates, the newest version is not working properly. Please provide a stable version update, as I prefer the older version of the app from the new one.",1,2024-05-04 22:44:53,BOA,Google Play
Very unprofessional and mischievous bank in my opinion. I have had several occasions but recently I used Abyssinia Card to withdraw money and it was deducted from my account but despite reporting several times they said they are processing it but I learned yesterday that since it has been 3 months the bank has decided to include it in their income. How absurd. If you can avoid this bank.,1,2024-12-06 17:19:23,BOA,Google Play
"So BoA, your last application was horrible and buggy. And we thought ""finally!! a functional new app with better UI."" But It didn't last long, a non existent connection error at login.... Please just fix your app to the simplest functional form and it would be up to your other service standards.",1,2024-04-21 23:41:32,BOA,Google Play
It has been a while since you guys started giving the mobile app service but still couldn't get it to work. I'm sure you know that it doesn't work already but not sure if you're lazy or incompetent to fix it. You are losing business because of this. Complacency will have consequences.,1,2024-12-10 09:43:57,BOA,Google Play
it doesn't work period z slowest mobile banking ever i would rather use *815#,1,2025-04-01 00:27:34,BOA,Google Play
OMG this is like the worst mobile banking app ever. I have many different mobile banking app from different banks but this is the worst so far. It says it has connection issue when I have wifi or data connection and while I'm using other social media apps. It keeps asking me for update once like every week and takes forever to load like I have to wait at least 10 minutes to login and another 10 min to see my balance.,1,2024-05-02 20:09:54,BOA,Google Play
"Was working fine for 2 days then Error the request was not successful please check your connectivity or try again my connection works perfectly i reinstalled the app called support multiple times all of them said it's a system problem be patient it has been a week since then, called again they even dared to say the problem is your phone restart it which i did but still the same other banking apps work perfectly but this my experience with this app, horrible the whole system is bad",1,2024-02-14 15:22:56,BOA,Google Play
"This is a much better app from BOA, easy to activate with ATM credit info, that helps someone like myself who already forgots previous PIN No or IB password. Apps runs fast unlike the previous versions. I hope you don't ruin it with unnecessary update. Please notify customers to use this app through their SMS.",5,2024-01-18 21:40:54,BOA,Google Play
"The app does not work well from abroad, there have been continuous upgrades and updates that are very interruptive and non-responsive. Staff do not have the technical capabilities to support whereas the support number and online support are never available.",1,2024-02-12 16:10:57,BOA,Google Play
This app is not efficient and can't be used for people outside Ethiopia. I am not able to enter back my OTP code into the App screen as it gets frozen and nothing can be done. Also the login screen forces to enter a local cell phone in Ethiopia and a PIN number. Those of us who live abroad are left out. The previous application with BoA Authenitcater was working efficiently and I was also able to login using my LapTop. I recommend the Application to use login user name & email instead of Ph#.,1,2024-02-23 23:03:31,BOA,Google Play
"Be careful of using this app to transfer large sums of money. Recently I can't top up my mobile card, can't pay tickets, can't transfer money to Telebirr. The *815# works but what's the use of an app if we're using USSD. It will refund your mobile top up days after failing to top up but I wouldn't want to risk that. I'm a big fan of BoA but I wouldn't recommend this app. 👎",1,2024-05-15 14:14:40,BOA,Google Play
"Very poor app. It crashes every time, doesn't load properly, and you can't even buy airtime. The programming is subpar. Please take lessons from other online banking apps. I would give it a zero if I could!!",1,2024-05-10 15:57:32,BOA,Google Play
"The app doesnot allow to transfer from foreign currency accounts to local currency accounts , it says transaction not allowed , please check it and also it is difficult to activate the app from abroad countries since the otp doesn't reach by sms and it uses email, it doesn't allow manual otp input and the email hardly received , please review your app and make an update !!!",2,2024-03-22 15:17:14,BOA,Google Play
"When we come to use mobile banking app this app is the WOREST one. Who made this app? Why? im almost forget to use it While the app right infront to my phone. I preffered to go branch office rather than to use it. Let alone for transaction or other service for simple purpose to check my balance i used to call for the bank 'call center' rather than to open for this difficult app. It need high speed internet service, it stop service for simple interuption of the network, after transfer the 1/2",1,2024-02-13 18:35:34,BOA,Google Play
"Please add an option to manually input the OTP. I am residing outside of Ethiopia. I encountered difficulty accessing my account following the recent update (change) of your mobile banking app. Unfortunately, I am unable to activate the app on my mobile device. During the activation process, the app prompts for an OTP, which I can receive via Telegram. However, there is no option to manually input the OTP. I kindly request your assistance in resolving this matter and activating my account",3,2024-02-03 23:48:59,BOA,Google Play
"It's been two months now, I cannot do any transaction using this app. It's really disappointing. I am using bank of Abyssinia currently because it's the nearest bank to my work place. The bank is turning to the worst bank in the country day by day. They always respond to customers that they are updating their system all year long, I think that's what they train their customer service operators to do.",1,2024-06-26 18:45:58,BOA,Google Play
"The worst mobile banking app! It doesn't load (seems like with the perfect WiFi and data connection it still manages to have network issues), when you finally get into the app, it makes it so hard more than it should be to send money.",1,2024-05-31 19:55:46,BOA,Google Play
"Playstore need to have some option to give 0 stars because this application right here, deserve exactly that, imagine being one of the biggest banks In the country and can't manage to have good mobile application in the Era of mobile money, you guys are in the brink of collapse you better make it right real quick or you gonna be 10 meters down to the grave. DON'T USE THIS APP, IT'S WASTE OF TIME.",1,2024-05-21 13:17:07,BOA,Google Play
"The updated version of this app is just time wasting. It doesn't work with 2G/3G network.require log in frequently,not fast as much as possible.automatic log out are the bad features of this app",1,2024-04-13 13:51:14,BOA,Google Play
"This is terrible app. What the hell is your problem. Passwords can't be entered manually. I'm abroad. I don't have my Ethiopian Sim. I'm receiving the activation code via telegram. But you locked the system not to accept the activation OTP manually. Hence, I can't see my accounts, I can't make transactions etc.... how can you not think of this in advance.... now I'm in a terrible situation. I can't know what is going on with my account. WOULD YOU FIX IT NOW.... NOT TOMORROW or THE DAY AFTER...",1,2024-02-16 04:47:47,BOA,Google Play
"This app is trash, it's not working for the past 3-4 days. I've to go to the bank to send money to other banks. Plus the app keeps crashing since the last update. BOA as a bank is deteriorating! This has to change.",1,2024-04-30 20:45:24,BOA,Google Play
"The worst mobile banking app ever!!! I have tried to transfer 25,000 from my BOA account to my CBE and it still hasn't reached my CBE account yet. When I tried contacting customer support they just tell me it's a problem with the system. I have waited 48 hours and I still haven't received my money. Bank of Abyssinia the worst bank and system, I don't recommend this app or bank to anyone.",1,2024-03-01 15:31:20,BOA,Google Play
"This is the most stupid app I've seen, why would I turn off developer mode just because you can't make your app secure, this clearly indicates the app has very poor implementation and unskilled developers.. There are a lot of people who need developer option for different reasons. Please for the sake of the bank, fix this thing... Even the most secure international banking apps don't require it. Not to mention the lag and crashes",1,2024-07-12 04:11:29,BOA,Google Play
"The app is essentially unusable, it asks to disable developer mode even when it is already disabled and crashes, sometimes it only works with wifi and sometimes only with data, or it crashes just because.......",1,2024-07-04 10:59:38,BOA,Google Play
"This app takes too long time to be opened. And even it is not working simply as other banks application. Why this app does not give a digital invoice. Even, I am not able to find where the screeshot is kept after transaction. So, please the developer should fix all these.",1,2024-08-07 16:34:52,BOA,Google Play
"I've never seen a very worst mobile banking system like this, i lost 37000 birr because of your delay transaction system, i called 8397 and they told me stay for confirmation but, after i changed my mind and waiting for confirmation call to cancel the process they sent it with out my approval, so please don't use the mobile banking system please",1,2024-04-23 18:15:45,BOA,Google Play
"BOA is unreasonably holding and delaying transactions for more than a day, even transactions within the same bank itself. This is a huge gap that I observed in BOA mobile banking. I didn't experience this kind of challenge while having transactions in other banks' mobile banking platforms. After waiting so long, I called your customer support team and the response they gave me was ""it was the system that holds the transaction & will be released on working days"". This is not totally fair.",1,2024-09-15 08:59:12,BOA,Google Play
this version is not working for me I cannot even buy card. I cannot send money,1,2025-03-30 15:27:26,BOA,Google Play
after i typed in my password it says successfully logged out ...and goes back to the first page,2,2025-04-04 12:38:08,BOA,Google Play
it's not work correctly... you must have update it,1,2025-04-06 11:01:42,BOA,Google Play
good but they don't update enough don't add new things,3,2025-04-04 12:24:06,BOA,Google Play
"Installed the latest version of this app on my Android 14 device, but it is not working. I have already received the activation key from your branch (via SMS), but couldn't activate it. It is a failed app. I bet you don't have QA testers.",1,2024-04-24 21:05:57,BOA,Google Play
"Decent, but there problems sometimes it says error When i transfer money but infact it transferred because of this bug i transferred 2 times instead of 1 and also we can't transfer money to others telebirr acc we only can to our self BOE Dev fix this !!!",3,2025-03-11 09:22:01,BOA,Google Play
Worst mobile banking app I ever experienced I was blaming other apps but comparing with this they're too much better!!!! It clashes it takes much longer time to login while loading in short it's a complete of trash,1,2025-03-06 22:44:28,BOA,Google Play
i have went to the bank so many times because i couldn't make any transaction i can only see my balance nothing else so what is the point of having mobile banking if i can't make any transaction with it please work in that,1,2025-03-21 10:49:11,BOA,Google Play
"Worst App it ain't allowing yo activate not even in the nearest branch are able to activate it. I have been client of the bank for 10years. What is this BoA? As we know it being a leading in simplifying banking service this App needs to be fixed. Then we will give it better rate,",1,2024-02-13 10:33:13,BOA,Google Play
"Great graphics, but why my music have to stop when I open this app? Make it make sense. But overall, it's good, but also needs too much data just to load this app. We might need a lite version of this.",3,2024-02-15 12:22:15,BOA,Google Play
"the app used to run fine, but now it takes like forever to even open the main dashboard and sometimes it just crashes on its own. you guys gotta step it up. we need this app to be way faster",1,2024-06-27 23:33:38,BOA,Google Play
The app keeps crashing it stops responding while I'm using it or trying to open the app. Now I have to go to the bank in person to do any banking activities. In short it is the worst mobile banking system in Ethiopia,1,2024-07-11 15:10:32,BOA,Google Play
I have nothing against your service but your App!!!!??? When will it ever work? Why do you keep changing the interface whenever there is an update? The most unreadable annoying app.,1,2024-03-22 14:36:57,BOA,Google Play
"I can't believe in this day and age, one of the major banks of the country can't seem to understand that having a working mobile payment option is a **MUST** to survive. I have decided to move my accounts to CBE and Awash because of this. Can't be bothered with this useless app.",1,2024-07-04 14:46:13,BOA,Google Play
I'm disappointed with the recent changes to this app. Disabling developer options for functionality seems unnecessary. The previous version offered a more user-friendly experience.,1,2024-06-06 12:20:54,BOA,Google Play
It's just terrible. It kept crashing in middle of transaction. Hell sometimes it won't open. My phone is stock Android (pixel 8) and I don't even know how this happens. Fix it!,1,2024-05-20 19:24:24,BOA,Google Play
"Its nice platform when i compare with the previous version! But, when i try to use mobile banking the app states use the updated one! As it orders, i updated BOA from playstore, when i try to use mobile banking on the following day the same thing-update from the playstore!!!!",5,2024-02-20 17:54:44,BOA,Google Play
This application is losing major factions on a daily basis. I can count how many times I have used this app; it is completely useless and disappointing if I am not going to use it in times of need then I don't see the point.,1,2024-11-28 10:17:48,BOA,Google Play
"Unreliable, expensive service. Most of the time, it is not working. Sometimes, it will take more than a day to complete transactions and charges more for this unworthy service. I will not recommend this bank app to anyone.",1,2024-06-10 23:09:57,BOA,Google Play
Why is not letting me access my account. The whole point of this app is for me to gey access to my account without physically being at the bank. I would give it a zero but a one will suffice to get my point accross.,1,2024-12-27 13:28:26,BOA,Google Play
"please add language in the apps setting(amharic afan oromo, tigniya,and others) sometimes bank to bank transfer is not available through time and even if if it is available not reachable…it is serious issue!",1,2025-02-15 18:15:50,BOA,Google Play
"I downloaded the app for the first time while reading other customers reviews and as soon as i installed and opened the app it closes back automatically, what unserious bank, now i uninstalled the app immediately",1,2025-03-03 09:24:29,BOA,Google Play
The App is not working on Android 9.1 at all. It shows an error notification and forcefully closes the app. Must be fixed ASAP.,1,2024-07-19 18:36:11,BOA,Google Play
I am having a challenge to use the app. The app does not allow to update the previous app. Neither does it allow to manually insert OTP - BoA please modify the app to allow these features,3,2024-02-06 19:31:28,BOA,Google Play
"The bug is still there,the app crashes every time i try to log in, especially in old phones like my Galaxy A32",1,2025-03-10 20:11:15,BOA,Google Play
"This app is way better than both Apollo and the old mobile banking app. It's super easy to use and loads really fast. If you already have boa mobile banking before, activating it is a piece of cake. Great job on making such an awesome app – keep it up !",5,2024-01-27 20:13:35,BOA,Google Play
Worst app ever previous version was way better than this version after I activated my mobile banking app it says account not found but I'm their system my IB customer does work fine please fix your bugs and test it before you release it I have visit and report many branches and head quarter but they can't fix the problem,1,2024-03-23 11:39:09,BOA,Google Play
I don't know why they roll out new updates without making sure it works! Why???? Do they need to update to a new staff? Perhaps pay for a better network?? Mindenew? I don't know there always a problem with this app.,1,2024-03-02 04:59:27,BOA,Google Play
"The application used to work well. But after updates I'm not able to use the forgot password feature, which is blocking me from accessing it as a whole.",1,2024-08-20 12:35:21,BOA,Google Play
"It has good backgroud and simple. But keeps saying no conectivty , login, Close immediately you made it porly not woriking on stable network!!!",1,2024-04-21 21:00:31,BOA,Google Play
"By far the nicest looking app by an Ethiopian Bank. But it's functionality is weak. It is full of Transaction error, Function Error. Kudos, but it needs more backend work.",2,2024-04-22 16:44:12,BOA,Google Play
A lot of the app's features have been rearranged but sometimes it works sometimes it doesnt...and that makes it less reliable specially at times of need...pls improve it,2,2024-04-18 10:16:41,BOA,Google Play
This app is the most worst app I used in Ethiopia and belive me I know I live in Ethiopia. Being the fincial app It doesn't work when you want it. It makes you wait for cash out code and immediately debit the amount before sending the code I have got to say abysinia bank I didn't expect this from you and I use CBE mobile banking,1,2024-05-18 13:42:05,BOA,Google Play
Hi I have problem with this App BOA mobile I don't know what is wrong with this App I did many times download but it's sam doesn't work if sam like that this app way I have to be customer with them how I know my account and checking save The book is no Not enough alone,1,2024-08-28 06:35:38,BOA,Google Play
The app has bugs. Signing in is still a challenge. Transfer to another bank is impossible. The app is slow and bland.,3,2024-05-11 09:25:28,BOA,Google Play
Sorry to say this compared to other banks mobile app its the worest it need more improvement the app doesn't match the bank standard it need more update its too slow plus it keep saying stop developing option on your phone when no developing setting enabled ??plus when it come to recent transaction nothing to display...,1,2024-05-24 20:38:48,BOA,Google Play
My advice for whoever reading is go look for other bank(awash bank is a great example). This bank won't even allow you to access your money when you want. It has bad servers which don't work(respond) on time.,1,2024-05-11 19:15:12,BOA,Google Play
It was working good before the last update but after the update it asks to disable developer option. why is that? That means any developer with developer option enabled can't access his account. It crushs a lot of times.,2,2024-05-01 23:14:29,BOA,Google Play
"The app is terrible, nothing functions properly. Especially since the latest update, it crashes all the time.",1,2024-05-01 08:36:53,BOA,Google Play
"After last update, the app keeps crashing, not working. Pls fix it. Mobile transactions become impossible.",1,2024-05-02 09:10:03,BOA,Google Play
"It say ""The request was not successful. please check device connectivity or try again"" why? One of the bank manager told me it is because of my phone's android version which is 9.1 It is ridiculous! Disappointing",1,2024-09-11 22:39:38,BOA,Google Play
"Slow login, crashes frequently, annoying app ever. Since you updated this app, it's been extremely unhelpful.",1,2024-05-01 17:40:11,BOA,Google Play
"I don't know why every time you come up with a new update the app get worst than the oldest, it is taking more time to load, can load money to telebirr, can't pay awach. Please try to fix it.",1,2024-05-02 07:00:51,BOA,Google Play
The latest update has a bug it keeps crashing. Please fix it it's so inconvenient to do our business this way. That or we will switch to other banks,3,2024-04-30 06:01:28,BOA,Google Play
"A total disaster of an app. Always offline, never works, it's embarassing. I've lost hope and taken my business to a competitor",1,2024-08-08 15:31:00,BOA,Google Play
"""I am extremely disappointed with the poor service I have received. It is unacceptable that I cannot make transactions of 30,000 Birr and sometimes my money gets stuck in the air. As a result of your incompetence, I have been forced to change my bank account. This level of service is completely unacceptable and needs to be rectified immediately.""",1,2024-05-06 01:13:23,BOA,Google Play
"Worst app ever, not user friendly, even doesn't serve basic functionality correctly, takes to much time to login and navigate through the app, we expected more from this bank",1,2024-08-07 13:03:34,BOA,Google Play
"Despite the enhanced technology you have, the application doesn't work properly, and it asks for the developer option to be turned off, fix that.",3,2024-08-12 13:23:20,BOA,Google Play
I prefer the earlier version. This updated app crushes during login and says there is bug. Please fix the bug issue.,4,2024-05-03 18:19:24,BOA,Google Play
"Its amazing and easy to use , but from these two past days it crashes and tells me ""there is not enough connectivity"" while my internet was good enough , and i can't open it anymore !! Fix this proplem ASAP.",5,2024-03-02 00:09:40,BOA,Google Play
It usually crashes and the reason it gives is a problem on internet connection although the internet was fine.,1,2024-07-23 10:35:15,BOA,Google Play
"It was working fine a couple of days ago, in the utilities section of payment it only provides a few services but that is OK for now but my issue is it has started crashing down these past 2 days",2,2024-04-21 15:59:22,BOA,Google Play
The app does not open sometimes it says coonection issue which i dont have and after it opens it has bugs while using its not smooth to work with please improve it,1,2024-07-31 15:03:12,BOA,Google Play
Overall good app but performance needs some improvement also sometimes when using instant other bank transfers it refuses causing to be repeated several times to transfer,4,2024-10-04 23:34:24,BOA,Google Play
I love boa but the mobile app isn't as good as the older version when the app gets update it gets worse and worse it doesn't even work..fix the issue with that,2,2024-04-28 14:20:40,BOA,Google Play
"The worst app update ever. Why would you include the ""developer option off"" thing here? Why do you care? It is my phone my money, right? That is the reason why I switched to other banks. So either turn it off or everyone will discontinue their business one by one.",1,2024-11-17 22:11:45,BOA,Google Play
"I never ever seen the worst commercial app like this in my life , it does not work anything , i donot know how the IT Team of the bank tested and launch the app. Its annoying !",1,2024-04-30 09:20:42,BOA,Google Play
"One of the weakness in BOA is it's mobile App. I hope this will address some of them, but it is very critical to work on modernizing and ensuring the security of it's mobile banking system in this digitalized world",3,2024-02-04 07:03:19,BOA,Google Play
"Simple, fast and easy to use. I had bad experience on apollo and the older version of this app is too slow.",5,2024-02-05 11:58:49,BOA,Google Play
I don't have words for your great work.. Really Good .what i like the most is the screenshots features is included which gives you the transactions detail ...Great Work...KEEP IT UP !!??,5,2024-02-03 19:07:15,BOA,Google Play
So this updated version is so much better and faster but it doesn't open unless it's directly opened from play store. fix this issue I'd give it 5 if it wasn't for this,3,2024-02-16 20:46:54,BOA,Google Play
"I sm a big fan of BOA , but the mobile banking is so trashy( sorry but its the best word to discribe it).... please buy a good server ....it always show blank age after login slecially on sundays it does not work at all...the new update has a good UI but has same respose problem ....",3,2024-02-11 16:41:30,BOA,Google Play
"BOA app was one of my favourite back in the days, now I don't if there is an app worsen that this.. very very bad. You need to fix it or remove it.",1,2024-04-24 09:34:18,BOA,Google Play
Hate how we're expected to disable 'Developer Options' everytime we open the app. An unnecessary point of friction that's been put in place in the guise of security.,2,2024-05-14 10:09:43,BOA,Google Play
"Dear BOA, Are you sure you are upgrading your application. It is becoming worse and worse. Please fix the bug as quickly as possible.",1,2024-05-03 07:10:15,BOA,Google Play
"The app is a total waste of time, it glitches, doesn't log in fast, super slow.",1,2024-04-21 11:03:23,BOA,Google Play
"It's a quiet good and smoothly accessible app which allows users to transfer , Airtime Top-up, ATM withdrawal and Utilities payments.",5,2024-02-24 09:49:42,BOA,Google Play
"I love BoA more than anyone but they are cursed when it comed to mobile banking. Even though this ine is hetter it still s*cks! It will ask me to turn off developer options other wise it won't work! I use CBE, Awash birr, tekebirr, Dashen bank and others but non of them asked me this, why only BoA? Please improve your mobile banking, be competitive!",1,2024-12-19 06:02:34,BOA,Google Play
"Was working ok.but it started not displaying banks list to choose from, and it needs updating every couple of days, annoying",3,2024-05-03 07:39:03,BOA,Google Play
boa of mobile backing,5,2025-04-09 14:32:34,BOA,Google Play
this is worest app 24/7 loading,1,2025-06-01 15:51:10,BOA,Google Play
very nice Abyssinia bank is choice all,5,2025-05-31 11:55:58,BOA,Google Play
the app crush frequently,1,2025-05-24 12:24:56,BOA,Google Play
"I am an app developer, I need to keep developer options on... WHY ARE YOU ASKING ME TO TURN DEVELOPER OPTIONS OFF... why is it that Abyssinia is the only damned bank in Ethiopia that just can't seem to buld an app that works... it's not that hard people, just look at CBE... this is simply terrible, borderline unusable!",1,2024-05-09 14:13:42,BOA,Google Play
"Absolutely the worst mobile banking app.it crashs every time,problem when logging in and and cuts my balance when top up without even recharging",1,2024-05-17 22:21:05,BOA,Google Play
liking this application good 👍,5,2025-05-07 18:34:10,BOA,Google Play
"this app, for me , is a waste of time. It doesn't work . I can't even long in, and it really piss me off. FIX THE PROBLEM",1,2025-05-27 21:16:27,BOA,Google Play
always problematic hardly works,1,2025-03-26 13:28:25,BOA,Google Play
"For anyone who wants to download it, just don't!!!",1,2025-03-19 16:02:57,BOA,Google Play
"after activated the application it not allowed to sign , automatically it is turn off In my phone, why ?",1,2025-03-31 23:55:06,BOA,Google Play
what awesome apps. it is very simple to use and more much important apps.,5,2025-03-09 11:34:30,BOA,Google Play
"this app does no work on Samsung a51, it just gives a preview of the logo",1,2025-05-11 19:07:08,BOA,Google Play
It is very bad app. not friendly usable. needs extremely strong network. Can't be updated easily.,1,2024-02-21 16:06:23,BOA,Google Play
"It was a very nice app and was exemplary to other banks, but I am experiencing difficulties in transfering transactions and thinking to leave Abyssinia? What would you advise me. ወጣ ወጣና ሆነእኮ ነገሩ።",5,2024-03-14 18:33:49,BOA,Google Play
"Pretty good for a banking app, it still lacks some things with in the ui and with the speed of the app but overall it's a good application. Thank you 5/5👍🏻",5,2024-07-09 22:36:45,BOA,Google Play
"Shockingly bad! Even when it decides to work, it's painfully slow and frustrating. Such a shame that it has become a stain on an extraordinary bank",1,2024-09-06 19:16:55,BOA,Google Play
Has some nice interface but always freezes or slow to load .App developers please fix this issue.,3,2024-10-27 23:37:31,BOA,Google Play
"Worst app. It is wise to invest money and you can make it like CBE app. Even the incon has no image. My app has better UI than yours. So, please invest more and hire professional developer companies and improve it.",1,2024-07-18 11:45:25,BOA,Google Play
App needs a lot of work. It continuously crashes and shuts down.,1,2024-04-30 20:31:00,BOA,Google Play
Wow! what a disgrace for BOA. The app barely works. Too slow and always returns error.,1,2024-06-03 23:56:20,BOA,Google Play
It is really great to see you have solved some of the problems with the previous version. Thank you for taking time to improve.,5,2024-01-24 15:03:22,BOA,Google Play
"Like I said before, the previous version was horrendous! I'm glad that you took time and decided to develop this awesome app. Well done!",5,2024-01-18 11:19:20,BOA,Google Play
"useless app. bank to bank transactions do not work at all, wallet topups like telebirr take hours to reach. what a shame from a bank this big.",1,2024-04-26 07:37:43,BOA,Google Play
Definitly better than the privious version but this one crashes frequently and needed to put to sleep on andrioid version 9,2,2024-02-20 23:32:16,BOA,Google Play
"why do we need to turn off ""developer options"" in order to use your app, on the new update??? Are we suppose to not use our device for other purposes just so we can use your app? It is not security it is BS. (fix that and I will update my rating)",1,2024-05-01 15:46:56,BOA,Google Play
No feature works correctly. Its always buffering and needs probably high data. So its useless 😏😏😏,2,2024-04-30 22:39:25,BOA,Google Play
When writing amounts z app cannot insert deceimasl so that one cannot transact amounts involving cents !!! A finnacial app to be released without this feature being checked !!!,3,2024-03-20 16:49:19,BOA,Google Play
"Stop telling me what to do with my phone, BOA. Why does your newly updated app keep asking me to disable the developer options? I’m not slowing down my phone just to use your God damn app. 🤮🤮🤮🤮",1,2024-10-04 05:55:49,BOA,Google Play
The latest update has stopped android 9 phones not to open this App. Never work properly since i started using it.,1,2024-11-26 15:05:22,BOA,Google Play
"Why Why Why???? it is difficult to make transactions, it takes alot of time to make payments, i thought the update will make it work, but it got worse. please fix it",1,2024-04-28 13:51:47,BOA,Google Play
After the recent update the application keeps crashing when I tried to open. Please fix.,1,2024-03-01 23:13:09,BOA,Google Play
"I'm sorry but what kind of stupid developer thinks the app will be faster if we disable ""Developer mode""? I've never seen such degeneracy in my entire life, please get rid of this feature",1,2024-05-30 00:34:12,BOA,Google Play
"This app didn't work. They have a new version (new app) but still not compatible with my Samsung S8+ , which is v.funny.",1,2024-07-25 12:35:54,BOA,Google Play
"The worst mob app i have ever seen. Slow, uncomfortable and stupid. It is better to learn from the best app (tele birr). The released updates is even worst.",1,2024-06-11 08:19:35,BOA,Google Play
"I'm Sick and tiered of enabling and disabling Developer Option Everytime I use this app. maybe you know it maybe you dont, fix it please it's anoying",1,2024-08-26 14:15:02,BOA,Google Play
"Better app than most mobile apps, but why do I have to turn off developer option every time I wanna use the app?? It's annoying.",1,2024-09-13 21:50:22,BOA,Google Play
I think this one is better than the prvious one much faster but try to make it more faster like nib and cbe specially nib bake their app is very nice but the bank is not anyways good job on this one,5,2024-02-04 10:19:54,BOA,Google Play
The old version is best. This one is so lagging and it's not fast to quick transfer,1,2024-04-30 06:46:32,BOA,Google Play
"This new update really sucks.. Can't even get the chance to put my pin, bugs and everything,please fix it developer",1,2024-04-29 19:59:02,BOA,Google Play
"the worst app I have ever used, I could've given 5 star if it worked properly even just for logging in and check my accounts. seemed that's impossible",1,2024-04-28 12:27:18,BOA,Google Play
"This is not an appropriate app, i don't know how boa develops this app, i don't expect this much crazy and un confortable app form BOA, I'm soory!!!",1,2024-09-07 10:42:49,BOA,Google Play
"Your app doesn't match your bank, the app is disaster, super slow. Please learn something from tele birr app.",1,2024-11-19 14:12:49,BOA,Google Play
"I tried it with different phones, it only worked for about a week and then it stopped working. It needs some serious work.",1,2024-04-25 16:02:58,BOA,Google Play
"The app keeps crashign again and again, i didn't even get to sign in. Worst update!!",1,2024-05-03 10:59:07,BOA,Google Play
"As usual the app is ok, but this time i can't update it normally. It lags at 99% all the time. Hope it's fixable.",4,2024-02-10 10:59:36,BOA,Google Play
"Riddled with crashes, cant use it anymore. Very frustrating!",1,2024-06-20 14:18:55,BOA,Google Play
"It's very difficult to use the user, app,ones dawenload the user can't operate well , no one can help me,",1,2024-07-23 18:36:47,BOA,Google Play
"Doesn't work properly, keeps closing won't activate any account, I wouldn't recommend downloading",1,2024-05-05 19:15:19,BOA,Google Play
በጣም የሚያስጠላ አፕ በጣም የወረደ ዜሮ ነው የምሰጠው ዘሮ It's not App it's very slow ehhhh. Why don't you upgrade the app???? It's always zero,1,2025-01-18 13:33:28,BOA,Google Play
I was using this app for long time it amazing user friendly UI but the i can't found for get pin button in the app,3,2025-01-07 12:26:17,BOA,Google Play
It keeps asking me to turn off developer mode even when dev mode is off. Couldn't use it.,1,2025-01-13 15:45:23,BOA,Google Play
Make it easy and convienient to use and perfect for all to high prefrence and choice.,3,2025-02-07 09:28:37,BOA,Google Play
"Easy and sooo simple to use it, also its easy to stole someones money using the app",3,2024-12-16 13:02:26,BOA,Google Play
"worst app and Bank ever u be ashamed, scammer",1,2025-03-24 17:00:42,BOA,Google Play
This app is not available on all android versions and some times it is not functional.,1,2024-11-08 14:41:15,BOA,Google Play
"""The choice for all"" It is interesting app,The old one was time spent to open the app. I am with you BoA.",5,2024-02-03 11:30:56,BOA,Google Play
After recent update the app keeps asking to disable developers options and won't let you use it unless you do.,2,2024-05-10 05:52:52,BOA,Google Play
When I try to use the application it says 'developer setting should be off' where is the setting to off this play Still doesn't work for me,3,2024-07-24 10:27:07,BOA,Google Play
I used to access my Apollo account through the app before the update but now i can't access my Apollo account through this app and for me this is a step taken backwards!!!!!,3,2024-02-22 13:08:21,BOA,Google Play
the new updated app exception handling for connection fluctuations is so exhausting which lead users to login repeated times.,1,2024-04-20 11:46:28,BOA,Google Play
Awesome application. But lately its crashing everytime i opened it.,4,2024-09-05 23:48:22,BOA,Google Play
Crashes very frequently is not stable overall need improvement such a huge bank needs a better app than the current one,1,2024-07-19 09:35:32,BOA,Google Play
So unreliable i had to send money asap but this app either laggs or doesn't work such a lazy work look at how efficient tele birr is and its not even a bank,1,2024-05-02 21:13:04,BOA,Google Play
Preventing login because I have developer options on is not security. Moved all my money somewhere else because I just didn't wanna deal with it,1,2024-05-11 10:30:55,BOA,Google Play
"This app has become the most troubling every day. It doesn't work. I love the bank, and I hate the app",1,2024-07-31 09:01:07,BOA,Google Play
The poorest mobile banking I have seen in the industry. Is not stable to login and post transactions. Is not attractive. Error reports frequently.,5,2024-06-13 12:42:15,BOA,Google Play
"This has to be your worst app ever, damm so many bugs and it lags so baddd. Please fix it",1,2024-04-12 12:01:41,BOA,Google Play
It keep making me out and crash when i open the app and not working properly,1,2024-05-02 09:11:41,BOA,Google Play
The worst mobile banking app like the previous one. How long it would take for BOA to develop a good app?????? Years or decades?,1,2024-03-04 15:58:27,BOA,Google Play
Overrated service and recently glitching service system not being able to withdraw funds.,1,2024-02-26 13:58:32,BOA,Google Play
"my device is not auto inserting The OTP, So keyboard should be enabled on the apps OTP login to insert OTP Manually.",3,2024-04-02 22:30:01,BOA,Google Play
I can't use the app unless I turn off developer mode?? What kind of stupid rule is that?? The worst experience for a banking app!!,1,2024-05-26 10:09:00,BOA,Google Play
"It's good app but the system is not same as CBE bankin mobile When i compare To these apps BOA and CBE, CBE is the best up",1,2024-05-01 08:19:37,BOA,Google Play
It closes playing audio app when it is opened . What is the solution?,5,2024-04-06 12:31:47,BOA,Google Play
Not comfortable with this version. Its hard to down it load Developer option is not allowed to use it as usual.,5,2024-04-30 19:29:53,BOA,Google Play
It was good and more secured mb app but this new version apk i can't find it on play store will you tell me what i have too do ...please,5,2024-02-19 07:58:40,BOA,Google Play
BOA Mobile banking is hard to deal with. Very poor app never gets better it keep lagging,1,2024-02-12 09:16:21,BOA,Google Play
"With every update the app keeps on getting worse,it is filled with bugs",1,2024-04-29 01:54:02,BOA,Google Play
I don't know why but your apps start out great then all of a sudden don't work🤷‍♀️,1,2024-11-28 11:44:51,BOA,Google Play
You've improved from the previous one! Also try to add dark mode.,5,2024-01-17 17:24:25,BOA,Google Play
A massive improvement from the previous app. More modern and actually works,5,2024-02-03 13:04:16,BOA,Google Play
It crash repeatedly! Try to make it more stable for customers need meet!,2,2024-05-07 20:47:48,BOA,Google Play
The app is not showing my balance or any transaction it is like corrupted showing usd amounts,1,2024-04-13 17:21:44,BOA,Google Play
Just use other banks if you want a good mobile app. CBE is 40X faster and safe than this app.,1,2024-03-23 16:52:55,BOA,Google Play
Crash... glitch... crash... blame connection... crash... crash again. Please fix it,1,2024-05-02 22:59:16,BOA,Google Play
Pls improve your mobile banking app it's doesn't work constantly after i updated the new version of your app try to improve,1,2024-05-05 17:38:54,BOA,Google Play
A painfully slow banking app service. Please don't make it your choice!,1,2024-10-13 09:08:25,BOA,Google Play
Please focus on the functionality of the app instead of spending money on the advertisements.,1,2024-05-01 07:56:28,BOA,Google Play
"Take some note from CBE mobile banking app, it's the best banking app currently take some note and improve ur app . Sometimes u have to learn from the bests 🙌",1,2024-08-03 11:00:33,BOA,Google Play
This app isn't working well on Tecno phone 📱. what is the error??,1,2024-04-29 15:36:18,BOA,Google Play
"It's not functional at all. It keeps saying ""error"". Unable to activate.",1,2024-07-13 12:39:40,BOA,Google Play
It's not working. It needs a big update. Can't you update the app quickly?,1,2024-09-14 15:09:31,BOA,Google Play
"Ultimately, the worst mobile banking experience ever left me feeling exasperated and disillusioned.Its a nightmare",1,2024-04-13 14:47:52,BOA,Google Play
It keeps clashing down What a crass stupid app is this... You forced me to update after I transferred money and now I can't open it,1,2024-05-03 04:40:48,BOA,Google Play
I'm living out of country how may I download and use mobile banking? It asks me the Ethiopia phone number and I can't receive text to confirm because I'm out side the country. So please lete know if I can use while I'm outside the country. Thanks,1,2024-10-04 05:30:33,BOA,Google Play
This application is relatively good even if some times interpreted.But apolo is difficult application please improve it.,5,2024-04-28 20:08:25,BOA,Google Play
It usually crashes and unable to process also it request to off the developer options,1,2024-07-05 21:21:32,BOA,Google Play
It doesn't function properly!! You don't even deserve one star.. please stop playing your dirty game on your customer...,1,2024-04-29 23:09:32,BOA,Google Play
"The most useless app, I never expected such an irrelevant app from BOA. big shame!",1,2024-11-04 11:45:20,BOA,Google Play
Always slow and doesn't work on weekends if you are in a rush or a merchant this app is not for you,1,2024-07-23 18:53:32,BOA,Google Play
Always there a problem with this app it says check your connection while connected 😞,1,2024-03-09 15:38:49,BOA,Google Play
The app is constantly crashing and freezing when to send to BOA customers' accounts.,1,2024-07-15 12:56:57,BOA,Google Play
"Is this app fake i try it not working it say please try again later, unable to make transactions what is the purpose of this app . If it is not working delete it",1,2024-07-25 23:24:26,BOA,Google Play
Every time needs update & after that it's not working it's too boring,1,2024-05-01 20:50:16,BOA,Google Play
That's too good application but try to add more alternatives and futures or possibilitys for your customers,3,2024-09-25 21:18:13,BOA,Google Play
Not yet completely working this App. i don't know when is it will be working properly! Its Sad!!!,1,2024-07-31 23:20:53,BOA,Google Play
"The application is full of bug, so annoying.",1,2024-05-07 06:47:03,BOA,Google Play
Boa is the best app but Please Clear Instant or Not instant option of send money be for Asked !!!,5,2024-04-24 22:40:38,BOA,Google Play
It has good features but sometimes it doesn't work...0,1,2025-03-02 17:02:17,BOA,Google Play
"The worst mobile banking app, doesn't even work for a week properly.",1,2024-05-15 00:55:51,BOA,Google Play
When are you going to get rid of this and have a real app that works? By far the worst mobile banking app.,1,2024-12-24 06:27:54,BOA,Google Play
Horrible customer service and app crashes Horrible!!,1,2025-01-15 13:24:17,BOA,Google Play
"This is not functional at all, it takes forever to make a transaction,please improve it.",1,2024-04-24 17:54:31,BOA,Google Play
The app got a better features and easy to use.,5,2024-02-20 09:50:52,BOA,Google Play
This the best mobile banking App BOA mobile banking included all digital banking features and we can access the most companies and sectors with this App. Thanks for giving this services Keep going .,5,2024-04-12 15:09:02,BOA,Google Play
It has become the most unreliable mibile banking app ever.,1,2024-06-16 11:23:01,BOA,Google Play
It's not opening. Really frustrating,1,2025-03-01 17:18:34,BOA,Google Play
"Very slow response , try to some updates in the application",1,2024-04-27 03:02:30,BOA,Google Play
This App is not interest for Android phone Please update it .,1,2025-06-01 10:17:10,BOA,Google Play
Fast and suitable for the customers.,5,2025-01-04 08:16:44,BOA,Google Play
It's better to say I don't use boa rather than pulling your phone out and opening this app,1,2024-12-01 14:52:25,BOA,Google Play
"From now on I will never going to use this app,It is a trash app.No one care about this app from bank I will rate them 0/5.",1,2024-07-06 09:20:49,BOA,Google Play
Hello is this new update cuz it keeps kicking me out!!!!! can't make a transaction fr!,3,2024-04-30 11:37:33,BOA,Google Play
it can't even open and only display error messages,1,2024-07-27 21:01:32,BOA,Google Play
"Such a junk application, its not working at all. Waste of time",1,2024-04-30 12:43:48,BOA,Google Play
Very bad app as always bothering any transaction processes.,1,2024-05-03 20:01:46,BOA,Google Play
The worst banking app ever. Never works!,1,2024-12-14 08:45:35,BOA,Google Play
It keeps crashing and hasn't been fixed,1,2024-05-07 12:20:39,BOA,Google Play
considering the fact the bank is huge this app really bad you could do better,1,2025-03-25 18:33:59,BOA,Google Play
"It's not working as it was , so much need to improve, it was the best but not anymore",2,2024-08-01 19:04:25,BOA,Google Play
it just doesn't work...so frustrating,1,2025-04-07 18:04:17,BOA,Google Play
UGH 🤮🤮🤮 they are super calculative when it CM 2 Mobile-banking or any online stuff. If ur degital!! better chose other bank.,1,2024-05-09 01:27:11,BOA,Google Play
Soo many bugs on this app I haven't been able to use it since I installed it very bad,1,2024-05-03 15:21:32,BOA,Google Play
OTP should be inserted manually. not working on my phone,2,2024-04-02 22:37:11,BOA,Google Play
More interactive and easy to use mobile app👌,5,2024-02-29 10:50:09,BOA,Google Play
Great UI and seamless UX. I love it!!,5,2024-09-25 21:51:19,BOA,Google Play
I can't believe that Abyssinia develop this kind of trash app it have a lot of issues 👎👎👎,1,2024-07-13 11:27:20,BOA,Google Play
You make the app worse . Asif it is update you make us install it as new then you create us problems,1,2024-02-02 21:37:03,BOA,Google Play
It takes a very long time to log in please fix,1,2024-05-08 18:49:32,BOA,Google Play
I couldn't transfer because of bug's its annoying for a bank app nots acceptable,1,2024-03-15 18:10:04,BOA,Google Play
It's good app tnx for u new update it's very easy to using this app they add some future tnx Abyssinia bank,5,2024-04-18 16:02:06,BOA,Google Play
BoA system is confartable,5,2025-06-01 00:47:32,BOA,Google Play
"It says ""Something is wrong with your internet banking user, go to your nearest branch"" It hasn't been working since April 13.",1,2024-04-22 22:29:31,BOA,Google Play
You guys keeps getting worst,1,2025-05-22 08:57:39,BOA,Google Play
User friendly at it's best with the best security option.,5,2024-02-24 11:11:28,BOA,Google Play
Only problem is often it has connectivity issues.,5,2024-04-23 08:07:02,BOA,Google Play
I bought a mobile card on this app but I didn't receive it and it took my money and I didn't get my money back.,1,2024-09-21 14:34:07,BOA,Google Play
The receipt download option is very convenient.,5,2024-02-22 14:26:11,BOA,Google Play
More easy and secure fast app than previous one,5,2024-02-08 17:53:42,BOA,Google Play
bro the worst app made by human kind!! as a software engineer it make me so sad seeing enterprise as big as BOA make apps like this. it is a disgrace for our country!!,1,2025-03-05 15:03:56,BOA,Google Play
Whenever I try to sign in app close please fixed it out,2,2025-01-21 19:34:22,BOA,Google Play
so poor app to use can't start up when open the app,1,2024-08-08 10:48:54,BOA,Google Play
Always do update and that is annoying,3,2025-01-27 09:11:12,BOA,Google Play
I have been using this app for two years.It is amazing.,5,2025-02-01 00:18:26,BOA,Google Play
What is the purpose or point of not allowing to take a screenshot of the recipe after transferring???,1,2024-05-29 18:45:37,BOA,Google Play
Very poor app b/c highly slow to open the app,1,2024-08-12 07:56:44,BOA,Google Play
The update app is the worest one when i compare with past.,1,2024-04-28 23:14:58,BOA,Google Play
"Best app, somehow waiting a few minutes",5,2025-01-23 16:02:28,BOA,Google Play
It's easy used to operate program and secured 👍👍,4,2024-09-25 16:00:21,BOA,Google Play
"This app crashes everytime, please fix it",1,2024-11-12 15:08:59,BOA,Google Play
Nice app and it's easy to use,5,2025-02-21 12:41:42,BOA,Google Play
It is the worst app that I have ever downloaded. It crushes every time I log in 👎 👎 👎 👎 👎 👎 👎 👎 👎 👎 👎 👎 👎 👎,1,2024-02-14 12:12:58,BOA,Google Play
Very poor app. Its Always cresh and not compatible,2,2024-07-13 18:10:50,BOA,Google Play
Much better and easy to access then the last boa app,5,2024-02-05 09:05:07,BOA,Google Play
faster bank of Abissinya,5,2025-04-08 16:36:23,BOA,Google Play
its best app but its don't working in poor connection area so,5,2024-07-03 16:11:03,BOA,Google Play
Very laggy un able to make transactions Fix it,1,2024-05-10 08:33:04,BOA,Google Play
Keeps crashing everytime what a disaster,1,2024-05-01 10:44:16,BOA,Google Play
"Why is the app asking me to remove developer options? Why does it matter what I do with my phone , this is unacceptable! Fix this",3,2024-05-06 20:00:37,BOA,Google Play
Best app but after the update the screenshot not working,4,2024-02-19 12:07:26,BOA,Google Play
What's wrong with app suddenly stoped to open?,1,2024-03-25 11:39:06,BOA,Google Play
"you guys keep on releasing unstable app, now it won't login",2,2024-04-30 11:11:44,BOA,Google Play
Simplify your life by using the Abyssinia app I like it because it is comfortable and safe,5,2024-04-11 20:58:47,BOA,Google Play
Error occurred try again for 5 days tele birr user not found ለራሴ አዝዤ,1,2024-07-08 22:19:38,BOA,Google Play
The onky defect is that it is too slow,3,2024-04-25 12:55:44,BOA,Google Play
it doesnt work it crashes,1,2024-05-03 04:56:15,BOA,Google Play
Not working properly always loading !,3,2024-02-04 15:28:42,BOA,Google Play
"The worst app. Can't even login to my device. Phone : Pexel7a, version : android 13.",1,2024-01-16 17:05:29,BOA,Google Play
Its very slow and fail to load any transaction,2,2024-02-15 13:40:11,BOA,Google Play
I can't update the enable button not open.,1,2024-04-24 16:53:55,BOA,Google Play
Easy and very nice app to load more than the previouse,5,2024-02-06 17:07:40,BOA,Google Play
Frequently crashing fix it please,1,2024-05-01 07:39:38,BOA,Google Play
Annoying it doesn't work totally,1,2024-05-01 15:13:56,BOA,Google Play
You have made a great application that is easy to use,4,2024-02-08 22:53:46,BOA,Google Play
95% of the time it crashes,1,2024-05-01 05:12:46,BOA,Google Play
Tnx for updating the app its easy and fadt,5,2024-02-04 11:39:18,BOA,Google Play
It is easy to use and very fast app,5,2024-02-23 10:05:02,BOA,Google Play
Nice looking app but a terrible user experience.,1,2024-09-03 17:30:49,BOA,Google Play
Not reliable always with some issues,1,2024-04-22 06:24:08,BOA,Google Play
The updated version is nice one BOA always #1 bank,5,2024-02-10 17:41:28,BOA,Google Play
all the time updated but im not satisfy by boa mobile bancking 😡😡😡,1,2024-05-02 17:11:18,BOA,Google Play
The most terrible mobel banking app in the world it is not working ones in a week,1,2024-04-13 14:53:01,BOA,Google Play
Why do u force me to Turn OFF developers option just to use your app its not fair and am not using ur app anymore,1,2024-05-10 18:31:05,BOA,Google Play
"I can not open and use the application,please help me!",5,2024-08-15 21:13:25,BOA,Google Play
worst banking app i have ever used. Try to modify it,2,2024-03-19 10:54:14,BOA,Google Play
The application is extremely slow.,1,2024-03-16 19:38:57,BOA,Google Play
This new version of the app is really great. Loved it!,5,2024-01-15 07:31:07,BOA,Google Play
Was good at first but now i couldn't reach my apollo account in the mobile banking app,1,2024-03-03 12:11:06,BOA,Google Play
What is that disable developer option I have never seen any app commands.,3,2024-05-22 10:03:55,BOA,Google Play
The App's crash always.. Error.....,3,2024-09-27 16:25:54,BOA,Google Play
Great UI UX Design !!!,5,2024-05-09 20:51:50,BOA,Google Play
It is not downloading. It stops at 79 % . Why ?,1,2024-01-23 14:26:01,BOA,Google Play
The keyboard not Working please fix it,1,2024-02-14 00:05:06,BOA,Google Play
"It's not working totally, what a useless app is it,",1,2024-07-31 13:54:39,BOA,Google Play
i find it interesting specially in reciept downloading,1,2024-11-12 16:43:41,BOA,Google Play
This app is going to the worest boa app ever😡 It crushes every time login.,1,2024-05-02 17:53:32,BOA,Google Play
Always error occured. The worst app ever,1,2024-06-20 13:19:22,BOA,Google Play
It's not working for 3days. Come on as a big bank in Ethiopia this is unprofessionallism from boa,1,2024-05-15 15:42:42,BOA,Google Play
"screenshot isn't working, Please modify it",2,2024-07-22 17:38:15,BOA,Google Play
good App and user friendly.,4,2024-05-01 21:02:45,BOA,Google Play
Poor application. It turned off by itself,1,2024-07-23 16:06:20,BOA,Google Play
After update it doesn't work well,2,2024-07-09 10:48:40,BOA,Google Play
It's good when i've downloaded at first. But now it doesn't work well,2,2024-05-20 23:29:06,BOA,Google Play
Is it necessary to switch off developer options every time to use mobile banking?🤔🤔😡😡😡,1,2024-08-04 13:53:44,BOA,Google Play
It is always crushing it loged me out all the time,1,2024-04-28 17:16:38,BOA,Google Play
"How many hours should I wait after transferring money to telebirr, please do something about the transfer delay issue I need my money when ever.",1,2024-09-15 20:36:11,BOA,Google Play
This app is so annoying as the previous version.,3,2024-04-30 19:21:07,BOA,Google Play
Fast and reliable,5,2024-11-18 18:58:47,BOA,Google Play
It doesn't work on my 2 devices A05 and A34 😡,1,2024-12-02 21:19:07,BOA,Google Play
"I mean how could a big financial company like this, be this much irresponsible to release this app? You should be ashamed!",1,2024-08-06 18:12:53,BOA,Google Play
This application isn't working properly,1,2024-05-03 14:18:18,BOA,Google Play
አንድ star ራሱ ይበዛበታል። i dont recomend to use this app also the bank,1,2024-11-12 13:55:52,BOA,Google Play
I need a support the app is not working,5,2024-11-12 13:10:33,BOA,Google Play
Plz fix the Apps ....screenshot lovation hide from glarey share botten not work😔😔,1,2024-08-30 13:05:08,BOA,Google Play
it's so slow app please fix it,2,2024-04-13 15:46:14,BOA,Google Play
Update to the simplest way it requires the developer option on and off why this is,5,2024-10-04 09:18:27,BOA,Google Play
Great app with great services,5,2024-09-19 09:32:07,BOA,Google Play
slow only some times the wey it is veary nice app,5,2024-06-05 01:26:08,BOA,Google Play
BoA Mobile good bank,5,2025-06-02 14:25:12,BOA,Google Play
How to download or screenshot of payment receipt...what kinda worst app ever 🤮🤮🤢,1,2024-09-11 14:19:05,BOA,Google Play
"From Ethiopian Internet banking Abbisiniya Internet banking application is the most worst boring and slower app, please fix that",1,2024-05-01 22:10:10,BOA,Google Play
I think I remember it worked once upon time...,2,2024-05-02 18:19:27,BOA,Google Play
"It is so bad apps ,it doesn't work",1,2024-07-06 17:34:02,BOA,Google Play
It's not functional at all,1,2024-05-08 17:27:40,BOA,Google Play
The poorest mobile banking survice ever. Only error reports frequently,1,2024-07-16 16:37:32,BOA,Google Play
"It's nice, the stack thing needs update thou",5,2024-04-28 21:12:43,BOA,Google Play
The app is not properly working.,3,2024-04-28 19:45:52,BOA,Google Play
Absolutely it's fantastic apps this New apps it's fast and good apps,5,2024-01-11 20:49:53,BOA,Google Play
It is good &fast to open!!,5,2024-02-14 15:04:49,BOA,Google Play
so far good but always it lugs,3,2024-08-17 19:16:57,BOA,Google Play
Is not working both this one and apollo did u make it better pls am gonne stop using this bank because of the mobile banking,1,2024-07-19 22:15:38,BOA,Google Play
"I am Aimohon Joel , It's can be Good for a Better Conversation in Time 🙂",3,2024-09-14 02:48:46,BOA,Google Play
Very good app its easy to use,5,2024-02-15 17:40:32,BOA,Google Play
It's very good but sometimes isn't work probably,5,2024-07-12 18:10:09,BOA,Google Play
but not opening on android,4,2025-05-19 17:19:32,BOA,Google Play
It always crashes,1,2024-05-02 15:25:53,BOA,Google Play
It doesn't work at all.,2,2025-01-02 13:24:09,BOA,Google Play
I don't get why this app is developed it is not functional at all !!,1,2024-05-12 17:48:54,BOA,Google Play
Almost better compared to cbe where it is not qualified for,4,2025-03-09 11:50:02,BOA,Google Play
The previous version is better it doesn't work,1,2024-08-04 09:16:27,BOA,Google Play
You should include manual OTP input!,1,2024-02-13 16:39:59,BOA,Google Play
Sorry to say it is very poor apps I have decided to suspend the BoA account,1,2024-04-25 11:26:05,BOA,Google Play
there is no speed,1,2025-03-19 19:12:01,BOA,Google Play
Improved to be the best,5,2025-03-11 12:32:31,BOA,Google Play
i can't use this app why?,5,2025-03-07 14:28:00,BOA,Google Play
The new version is really nice. Keep it up,4,2024-01-18 20:37:35,BOA,Google Play
The app is not good need a few work,3,2024-06-11 14:09:00,BOA,Google Play
it keeps crashing,1,2024-04-29 17:28:37,BOA,Google Play
This app is not working!!,1,2024-05-04 19:24:22,BOA,Google Play
best banking app in the wworld,5,2025-02-22 19:58:17,BOA,Google Play
The Bank I always love 😘 and work with them is priceless,5,2024-04-24 14:31:58,BOA,Google Play
Not work this app ...what is the problem,1,2024-04-20 12:49:04,BOA,Google Play
I can't dijitalize my atm in the apollo app on my phone,1,2025-01-22 06:05:22,BOA,Google Play
It keeps on crashing,1,2024-04-20 08:27:02,BOA,Google Play
"thank you for your social services like, vertual banking, non touch ATM, Cadrless and withdrwal with out passbook...",5,2024-11-12 12:13:20,BOA,Google Play
Please try another because this app doesn't feet the need of this generation,1,2024-10-25 22:17:13,BOA,Google Play
"Horrible, your apps are getting worse and worse",1,2024-02-16 15:27:11,BOA,Google Play
Very Fast And attractive App,5,2024-02-20 17:03:29,BOA,Google Play
Your system is the worst you should do better😡😡😡😡😡😡,2,2024-12-11 06:08:14,BOA,Google Play
Not working on this days,1,2025-02-26 13:29:28,BOA,Google Play
this app is not available,1,2025-01-02 08:46:51,BOA,Google Play
Good but not working top up,5,2024-05-20 10:43:51,BOA,Google Play
Poorly functioning app,3,2024-12-13 12:55:02,BOA,Google Play
The dirtiest application ever seen...,1,2024-12-20 19:09:23,BOA,Google Play
The is not functional at all?,2,2025-02-12 11:31:48,BOA,Google Play
ምን ሆናችው ነው ግን ?በጣም ቀርፋፋ ነው፡ቢያንስ እንኳን እንደ Apollo ቢፈጥን ። I'm more 15years customers in your bank but due your Application i decide to shift for other bank like CBE OR TELEBIRR PLEASE FIX THE SPEED,1,2024-01-18 01:12:28,BOA,Google Play
Not working properly why?????????,1,2024-04-29 00:00:40,BOA,Google Play
"i can't recommend the Dashen Super App enough! This app is truly a game changer for anyone looking for a seamless and efficient way to manage their daily life. It combines multiple essential services into one easy-to-use platform, saving time and simplifying tasks The user interface is modern, intuitive, and super responsive, making navigation a breeze. Whether it's banking, payment services, or accessing lifestyle features, everything is just a few clicks away!!",5,2025-04-21 16:08:23,Dashen,Google Play
"The new mobile banking application is a major upgrade! It’s incredibly user-friendly, with a clean and modern design that makes navigation simple and intuitive. I really appreciate how fast it loads and how smooth the overall experience is. All essential services like balance checks, transfers, and bill payments are eas y to find and use. The added security features give me peace of mind, and the app runs reliably without crashes or glitches. It’s clear a lot of thought went into the user experi",5,2025-04-21 11:52:02,Dashen,Google Play
"The Dashen Bank Super App has truly elevated my mobile banking experience. It's fast, user-friendly, and packed with all the essential features. The interface is clean and intuitive, making navigation easy even for first-time users. I also appreciate the added security features that give me peace of mind while banking on the go. Dashen Bank has done an amazing job with this app—it’s reliable, efficient, and always improving. Highly recommended for anyone looking for seamless digital banking!",5,2025-04-21 11:44:47,Dashen,Google Play
"Dashen Super App is a game-changer! It’s fast, user-friendly, and packed with features that make everyday banking and transactions super convenient. I love how everything I need from mobile banking to utility payments is all in one place. The interface is clean, and everything works smoothly. Definitely one of the best apps out there. Highly recommended!",5,2025-04-21 21:28:50,Dashen,Google Play
"I have been using the Dashen Supper app mobile banking app , and overall, I appreciate its features.However,I’ve noticed that when I turn on the developer options on my device, the app stops functioning properly. It would be great if you could look into this issue, as I often need to access developer settings for other applications . Thank you for your attention to this matter!",5,2025-04-21 12:08:17,Dashen,Google Play
"This banking superapp is incredibly well designed. The design and appearance of the app and the overall experience I have when using the app is fantastic. The app is packed with features from banking to e-commerce all in one place.It even has a budget setting option which is super useful for managing my money. Everything runs smoothly and I love how convenient it has made my daily life. Huge Kudos to Dashen Bank. You are truly living up to the motto ''Always one step ahead."" Keep it up!",5,2025-04-21 11:28:39,Dashen,Google Play
"The Dashen Super App offers a quick and user-friendly experience, bringing together a variety of services, like budgeting, payments, airtime recharges, and more, all in one convenient platform. Its sleek design and intuitive navigation ensure effortless transactions. It's evident that Dashen Bank has carefully crafted the app to make everyday financial activities easier. A great choice for anyone aiming to streamline their digital routines!",5,2025-04-21 11:41:56,Dashen,Google Play
"Game changer app! Dashen Bank Super App is fast, secure, and easy to use. The three-click payment makes sending money super quick, and the QR code payment is perfect for cashless shopping. I also love the biometric login and easy airtime and bill payments. Everything I need is in one place. Dashen Bank has really raised the bar for digital banking in Ethiopia. Highly recommended!",5,2025-05-26 19:16:29,Dashen,Google Play
"A solid step forward by Dashen Bank. The SuperApp combines essential banking features with lifestyle services, making everything accessible in one place. The interface is smooth, and transactions are quick and reliable. It’s clear a lot of thought went into the design and functionality. Great job!",5,2025-04-21 14:16:45,Dashen,Google Play
"I had a disappointing experience with Dashen Bank's Super Up service. The app is very slow and takes forever to load during transactions, which is incredibly frustrating. Additionally, it doesn't generate receipts for any transactions, making it difficult to keep track of my expenses. I also reached out to customer support, but the response time was longer than expected. Overall, I was hoping for a better experience, but I find the service lacking and in need of improvement.",2,2025-04-09 21:49:23,Dashen,Google Play
"I’ve been using the Dashen Bank Super App for a while now, and it’s been a game-changer. The app is super fast and reliable—I’ve never had an issue with transactions being delayed. One of my favorite features is the chat banking, which makes it so easy to do things like check my balance or transfer money just by typing a quick message. The budgeting tool is also really useful. It helps me keep track of my spending and gives me a clear picture of where",5,2025-03-28 09:30:54,Dashen,Google Play
"As an Internal Customer, Dashen Bank SuperApp has greatly simplified my online banking experience. It's easy to use, allowing me to quickly check balances, transfer money and pay Bills. The app's advanced security features are highly secure, ensuring my data is well protected. The Three click, Chat Banking and IPS features have also given me a smarter experience. In deed Dashen Bank is always steping ahead!",5,2025-04-21 11:50:08,Dashen,Google Play
"Greately improved since it was released! I really like the budget and expense tegistration feature. For ATM or POS withdrawals, it is not possible to account these expenses, even if it is visible on the transactions window. If that can be worked on, it will be improve so much!!",5,2025-03-10 13:06:34,Dashen,Google Play
"A truly impressive app — user-friendly and a game-changer in Ethiopian banking. The Dashen Super App stands out as one of the most innovative and convenient digital banking solutions in Ethiopia’s financial history. Smooth navigation, seamless features, and a wide range of services all in one place. Well done!",5,2025-04-21 11:50:00,Dashen,Google Play
"there is nothing super about this app, repeatedly failed transaction and wastes customer valuable time. if you have to do system upgrade do it at a time when there is less traffic demand. your Technical difficulty should not be reflected on customer.",2,2025-04-24 09:32:35,Dashen,Google Play
"This app is the most unreliable mobile banking application I have ever used for transaction, it is very late, non-responsive and full of bugs. Its is very disappointing. It is just inconvinient, and not user friendly and compatabke at all !!!!!!",1,2025-03-14 15:45:53,Dashen,Google Play
"""Dashen Super App'' is impressive with its focus on simplicity, speed, and quality. The user interface is clean and easy to understand. Transactions process quickly, and the overall quality of the app is top-notch. A must-have for Dashen Bank customers. ዳሸን ባንክ አንድ እርምጃ ቀዳሚ።",5,2025-04-22 10:18:12,Dashen,Google Play
"Dashen SupApp is the most contemporary application, offering a great experience by enabling users to perform multiple tasks through a single platform—such as chatting with friends, transferring money, paying bills, and more. It is the first app of its kind in the Ethiopian banking industry, making it a remarkable opportunity for entrepreneurs working in app-based sales and software marketing. Good job, Dashen Bank!",5,2025-04-21 11:24:37,Dashen,Google Play
"This app is not supporting smart phones that have old android version and so it is none inclusive. At the same time the amole lite is not working properly and once you reached to maximum otp trail mistakes due to network or other errors like stacks , you will be tied up to make Transactions. Ohh... tired!!!!!",1,2025-03-20 02:39:23,Dashen,Google Play
"The app is incredibly handy for managing multiple financial tasks, from bill payments to managing budgets. It’s saved me a lot of time and made banking way more convenient. Definitely worth checking out!",5,2025-04-21 16:01:01,Dashen,Google Play
"Dashen Bank Super App is a game-changer! The user-friendly design, wide range of services, and smooth performance make it incredibly convenient for everyday banking. It’s fast, secure, and truly reflects the bank’s commitment to digital excellence. Highly recommended!",5,2025-04-21 13:23:07,Dashen,Google Play
"This is not only a mobile banking app, it is beyond that. We will access our account easily, we are able to get many information easily here. i.e. exchage rate. We are able to chat with others, we are able to budget, we are able to transfer to other bank and within Dashen. we are able to access many accounts in a single app, we are able to pay bills in QR scan, we are able to make payments and order delivery items here in a single app. #Always one step ahead.",5,2025-03-31 21:46:13,Dashen,Google Play
"I am very impressed with the Dashen super app. It is user-friendly and operates efficiently. The budget and chatbot features are impressive, and all items can be purchased with just three clicks.",5,2025-04-21 11:42:01,Dashen,Google Play
"Dashen SuperApp the ultimate all-in-one solution! From banking and shopping to bill payments, everything you need is right at your fingertips. Life just got a whole lot easier!",5,2025-04-21 18:19:05,Dashen,Google Play
I have used many mobile banking and also tellebir and mpesa nothing come close to this app. Well done Dashen indeed one step a head. A lot of cool features that amole hasn't the receipt and the account statement is superb for me. I hope you add more integrated small apps to.,5,2025-03-12 09:52:45,Dashen,Google Play
"The App is incredibly user-friendly and brings multiple services into one place. It's fast, intuitive, and makes daily tasks super convenient. A true all-in-one solution!",5,2025-04-21 23:50:10,Dashen,Google Play
"After i download the app recently had a smooth expriance, its user friendly, fast, and everything works as expected. keep up the good work.",5,2025-04-21 13:07:27,Dashen,Google Play
"The Dashen Super App is a game-changer in digital banking, offering a seamless and convenient experience. With its user-friendly interface, fast transactions, and a wide range of financial services, it simplifies banking for customers. Features like bill payments, fund transfers, mobile top-ups, and loan applications make it an all-in-one solution. Plus, its security measures ensure safe and reliable Experiance effortless banking",5,2025-02-26 13:30:26,Dashen,Google Play
"This is the worst mobile banking experience I’ve ever had. It doesn’t work when you need it, and it randomly updates itself without warning. You can’t make transactions whenever you want. It’s a nightmare for anyone who relies on this as their main banking option, especially those with a lot of money in their account. I’m lucky I’m not one of them, but still, it’s infuriating not being able to access your money when you need it.""l",1,2025-04-07 20:19:22,Dashen,Google Play
"This super app is a total game-changer—fast, reliable, and packed with everything I need in one place. It’s seamless and super convenient. Love it!""",5,2025-04-23 21:09:47,Dashen,Google Play
"Smooth and secure experience transfers, bill payments, and tracking expenses are all effortless. The intuitive design makes banking on the go.",5,2025-04-24 13:56:14,Dashen,Google Play
"Banking, but make it smart. Local solutions, all in one place. Smooth, fast, and actually saving time. Feels like the future. Love it!",5,2025-04-21 13:59:53,Dashen,Google Play
"The app keeps getting better with every update! Smooth performance, great UI, and top-notch security. Thank you for making banking so convenient!""",5,2025-04-21 13:17:43,Dashen,Google Play
"I'm really impressed with this app! It’s user-friendly, runs smoothly, and has all the features I need. Makes my tasks so much easier and saves me a lot of time. Highly recommended!",5,2025-04-23 16:01:37,Dashen,Google Play
"It is,really super because of its unique offerings to individuals and businesses.It is a secure UX first app intended to cater comprehensive digital meeds.I am also happy to know that Dashen is considering to make the app more inclusive by lowering the mobile version requirements .",5,2025-04-21 17:57:03,Dashen,Google Play
Nothing is changed in the updated version. You have been collecting comments but where is the feed back you improved in this version. superapp is mot functioning today.,4,2025-05-20 13:22:54,Dashen,Google Play
"Super Up is the ultimate digital banking app, living up to its name with speed, efficiency, and innovation. Designed for a seamless experience, it offers lightning-fast transactions, top-tier security, and effortless financial management. With Super Up, banking has never been this smooth, smart, and super!",5,2025-02-26 17:02:40,Dashen,Google Play
Its good app than other compitators but it confuse when we transfer it needs OTP and PIN most user inter their pin instead of OTP we know the litrecy level of our society so if it is device based i dont know the needs of OTP so please try to fix,3,2025-05-18 13:32:58,Dashen,Google Play
"Db sup app is A platform or an application that can grasp more satisfactions through fastest mode of operation which means for budget planning, to use QR code(scan, pay, go) chat with staff, acc to acc other bank ft, merchant payment, and easly. I addition to i satisfied and i invite everyone to use those platform!!.",5,2025-04-21 15:13:09,Dashen,Google Play
"The Dashen Super App delivers a remarkably fast, highly secure, and exceptionally user-friendly experience, establishing it as a leading application in its category.keep it up and stay ahead Dashen Bank.",5,2025-04-14 22:23:31,Dashen,Google Play
"The app has various usefull functions, which make easy the payment system. Also, it will connect with sellers having reasonable prices.",5,2025-04-22 09:22:10,Dashen,Google Play
"one of the best digital platforms I've used! from smooth transactions to a seamless shopping experience, highly recommended.",5,2025-04-21 22:32:42,Dashen,Google Play
"One of the best digital platforms I’ve used! From smooth transactions to a seamless shopping experience, Highly recommended",5,2025-04-21 20:34:53,Dashen,Google Play
"Dashen SuperApp is a lifesaver! Banking, shopping, and bills in one super easy app. The new e-commerce feature is awesome and supports local merchants. Fast, secure, and proudly Ethiopian.Download it now—you won’t regret it!",5,2025-04-21 14:31:02,Dashen,Google Play
I wanted to share some concerns about your Supper App. It appears to be experiencing reliability issues and isn’t performing as expected. I hope this can be addressed soon to improve the user experience. One star 🌟 for now.,1,2025-03-19 15:49:23,Dashen,Google Play
"A game changer in Ethiopian digital banking fast, secure, and packed with services. Everything you need, all in one powerful app. A true leap toward financial convenience and innovation!",4,2025-04-21 14:07:17,Dashen,Google Play
"A powerful, local solution that rivals any global app. I love how easy it is to explore services and products.",5,2025-04-22 08:05:12,Dashen,Google Play
"It is a very user friendly, attractive user interface, full of useful features. I really encourage everyone to give it a try.",5,2025-04-21 12:57:15,Dashen,Google Play
Dashen Super App contains extended selections for customers and can be easily accessible and also friendly to use.,5,2025-04-22 12:44:11,Dashen,Google Play
"The Dashen Super App offers a modern, user-friendly experience that leverages the latest technological advancements to deliver a seamless e-commerce platform",5,2025-04-21 11:18:42,Dashen,Google Play
"I have an incredible experience with Dashen super app, what an amazing platform is it?. keep pioneering in technological advancement 👏👏👏",5,2025-04-21 16:21:18,Dashen,Google Play
"The user experience is seamless, and everything just works perfectly right out of the box. I can’t believe how much time and effort it saves me every day.",5,2025-04-21 20:03:27,Dashen,Google Play
The app has great user interface with comprehensive payments and E-commerce platforms. And also it includes unique features such as chat Banking and budget.,5,2025-04-22 09:02:26,Dashen,Google Play
Excellent banking app for all your needs! Who needs a physical branch when you can use Dashen Bank Super App Instead! I've never had an issue with anything that Dashen Bank Super App haven't handled swiftly and resolved to my satisfaction and above I don't often write reviews but this is an app/bank that I would highly recommended to everyone 💯 👌👍,5,2025-01-22 16:53:55,Dashen,Google Play
"It has a great application features from the beginning. I'm glad to use it even I haven't used it yet because I haven't activated my account yet. But it's simple, comprehensive, full of information, and fast. በርቱ ዳሸኖች: The super app has impressed me more than I expected.",5,2025-01-15 15:11:51,Dashen,Google Play
"Feature-rich? Absolutely. But the speed? Painfully slow. Seriously, is it communicating with a server on Mars or something?",5,2025-04-16 18:54:32,Dashen,Google Play
It's slow to send OTP. it's not reliable. It crushed many times. It needs improvement in many ways,1,2025-04-07 23:02:05,Dashen,Google Play
dashen bank super up has very fast and convenience and also it has contain more things on one app .I am very interesting to use dashen bank super up,5,2025-04-21 11:49:05,Dashen,Google Play
it has clear detail information about the application so it helps customer how to use the app. and it is very easy to use and also app is secure.,5,2025-04-21 12:13:53,Dashen,Google Play
"Dear Users of the Dashen Bank Super App,I have been using the Dashen Bank Super App for a while now, and I must say—it’s truly a game-changer! The app is incredibly fast and reliable; I’ve never encountered any delays with my transactions. One feature I absolutely love is Chat Banking. It makes everyday tasks like checking my balance or transferring money as simple as sending a quick message. Also, the budgeting tool has been a huge help in tracking my spending and giving me a clearer",5,2025-04-21 11:35:59,Dashen,Google Play
"I have experienced on using the app of Banks in Ethiopia, this Dashen sup is like old version of the applications for using. I gave 3 star for it's very low speed while login and processing",3,2025-04-07 18:05:38,Dashen,Google Play
The app is very backward and doesn't always work. If it works three hours out of 24 hours it's great!😥,1,2025-04-14 11:32:53,Dashen,Google Play
"Highly impressed! Dash Bank really nailed it with this app. Secure, reliable, and packed with features I use daily",5,2025-04-21 20:35:46,Dashen,Google Play
"It is very slow and it lacks many features to be a super app. High rating is given by their employees, not by the customers.",1,2025-04-25 11:43:56,Dashen,Google Play
one of the best digital platforms I’ve used! From smooth transactions to a seamless shopping experie,5,2025-04-21 17:40:32,Dashen,Google Play
"the very easy, secured, fast and multifunctional dashen supper application I ever seen. dashen really one steps ahead!!!",5,2025-04-21 17:46:15,Dashen,Google Play
I was really amazed by the idea of an e-commerce service on a banking app. This is what it means to be one step ahead. Please include all kinds of products in there as soon as possible.,5,2025-04-21 11:28:23,Dashen,Google Play
This app is not working unless you turn off developer mode on your phone. So it takes your rights to just use it.,2,2025-04-04 21:24:36,Dashen,Google Play
"Exceptional digital experience, SupperApp will bring new paradigm shift in the banking business. Bravo Dashen keep it up!!!!",5,2025-04-22 15:36:39,Dashen,Google Play
"All-in-one convenience, From managing accounts to paying bills and shopping online and the chat banking is game changer, this app does it all seamlessly.",5,2025-04-21 12:42:40,Dashen,Google Play
"Dashen Super App isn’t just an app — it’s an experience. Effortless, powerful, and built for the future",5,2025-04-21 14:40:20,Dashen,Google Play
Nice app but i experience some issues with others banks transfer it keeps saying account is not exist most of the time.,4,2025-03-08 11:47:02,Dashen,Google Play
"It has good feature. But, it is Very Slow! difficult to pay or receive. The Speed should be improved, else I didn't recommend.",2,2025-02-24 20:23:10,Dashen,Google Play
It has a Good performance but need more upgrade for more performance like when we login account not be fast balance show other thing looking good. Carry on. Thanks so much for Greatest service,4,2025-01-17 20:04:25,Dashen,Google Play
"I choose Dashen Bank Super Up since, it is easy to use & it has attractive features !",5,2025-04-21 13:44:50,Dashen,Google Play
"dashen bank supper app is the most easy to use and have high speed,quality and I like features like chat,budget,fuel payment, and security for my opinion this product is techonolgy edge,this international standard thanks for product oweners (dashen bank)",3,2025-04-21 15:40:38,Dashen,Google Play
"All-in-one finance & e-commerce super app! Pay, save, shop seamlessly. Fast, secure. #BankAndShop",5,2025-04-21 14:10:21,Dashen,Google Play
"A must have, seamless, all in one digital platform ""DB Superapp""! Keep living your motto ""Always one step ahead""",5,2025-05-12 09:36:47,Dashen,Google Play
Amazing app super easy to use and best design. loved it.,5,2025-05-09 18:44:58,Dashen,Google Play
"Dashen bank app is very good, but sometimes it is not working well",5,2025-05-15 22:32:51,Dashen,Google Play
"Dashen SuperApp blends finance, shopping, and daily services effortlessly. The new e-commerce feature is smooth and supports local merchants—proud to back an Ethiopian-made solution!",5,2025-04-21 14:19:15,Dashen,Google Play
The new e-commerce feature is incredibly amazing and user friendly.,5,2025-04-21 15:41:06,Dashen,Google Play
I am highly excited by using this application and it is the most favorable as well as preferrable mobile app.,5,2025-05-03 15:53:37,Dashen,Google Play
making transactions has never been easier. the new update is just amazing,5,2025-04-22 09:30:40,Dashen,Google Play
Dashen Super App gives me an amazing convenience and makes life easy.,5,2025-04-21 11:24:04,Dashen,Google Play
"Dashen Bank super App is the most suitable, reliable, and fast digital banking system.",5,2025-04-21 17:40:23,Dashen,Google Play
"This is the best app ever, when is it planned to include digital lending and gasification?",5,2025-04-22 08:09:10,Dashen,Google Play
nice app especially GUI and I have got some error when you send within dashen bank the receipter is not get SMS notification,4,2025-05-03 08:09:08,Dashen,Google Play
", Dashen Bank Supper App is multipurpose, convenient, very attractive and Make life easier",5,2025-04-21 13:50:32,Dashen,Google Play
Effecting payment via the app has created convenience to the recipients in easily confirming the payments received!,5,2025-04-22 08:49:45,Dashen,Google Play
I really like this amazing application and Dashen Supper app that has made my life easier.,5,2025-04-21 11:20:50,Dashen,Google Play
this apps have a good feature but but some features like developer mode turn off irritate user,3,2025-04-01 00:13:13,Dashen,Google Play
Easy to use and has many options. It is the best financial app I have ever used.,5,2025-04-21 21:20:16,Dashen,Google Play
Incomparably user-friendly and fast app for mobile banking.,5,2025-04-24 11:36:51,Dashen,Google Play
very disappointing app. Closes frequently and unstable in function,2,2025-04-17 14:14:49,Dashen,Google Play
Dashen bank super app is the crucial and convenient app in Ethiopia. there is no other app to compare with Dashen bank super app,5,2025-04-21 14:16:08,Dashen,Google Play
It is very fast and secured mobile banking app! I like this app!,5,2025-04-29 15:27:54,Dashen,Google Play
Assefa Genetu = Dashen superup is the latest and inclussive .I am happy with this super up.,5,2025-04-22 06:14:51,Dashen,Google Play
"Dashen Bank Super Up,use the app and makes your easy,fast,convinent.",5,2025-04-21 11:31:13,Dashen,Google Play
dashen super app is simple faster and reliable.,5,2025-04-21 13:38:06,Dashen,Google Play
It's bad for the connection and too many days are it that not working,1,2025-04-12 16:59:05,Dashen,Google Play
"It's great! But it will be advanced if you include a caption that allow customers to transfer to Telebirr account. Dashen Bank, ""ኩሉ ግዜ፡ ሓደ ስጕሚ ቀዳሚ።"" (Always one step ahead!)",4,2025-01-15 18:49:41,Dashen,Google Play
"This app is literally the best thing ever The chat banking is so easy just text and it’s done Super smooth, fast, and honestly a life saverIf you haven’t downloaded it yet you’re missing out big time",5,2025-01-23 18:13:50,Dashen,Google Play
The app missed some important features 1. It does't show recent transactions 2. Transfer to Telebirr limited to own telebirr 3. The statement does't show running balance,2,2025-02-11 08:17:00,Dashen,Google Play
"best ever digital banking sector essay for understanding ,smart and convince for using",5,2025-03-19 13:46:08,Dashen,Google Play
"Fast, reliable and user friendly. Amazing chatting features. Keep it up! Always one step ahead!",5,2025-01-24 20:44:34,Dashen,Google Play
"It grows ethiopian digital banking step ahead.All fetures in one,simple fast and convince.",5,2025-05-14 05:39:16,Dashen,Google Play
"#dashen super app is easy to use, secure & fast transaction😍",5,2025-04-22 13:44:44,Dashen,Google Play
"The Dashen supperapp is a revolutionary advancement in digital banking, combining exceptional usability, an intuitive interface and a seamless user experience. among its standout features are the integration of QR codes, account statement, transaction advise, chat, transaction authentication for limit thresholds, budgeting and different app in a single dashboard. Truly ahead of the curve ..... keep up the excellent work 🤝👏",5,2025-04-21 15:40:34,Dashen,Google Play
An app with High performance and advanced features!,5,2025-04-21 13:07:14,Dashen,Google Play
"Fast, Reliable and User Friendly. Keep it Up",5,2025-04-22 13:46:52,Dashen,Google Play
no working for me hulum information asgebiche continue or accept yemilew button ayeseram my phone is Samsung A51,1,2025-04-21 05:48:55,Dashen,Google Play
this app is the most simply to use and secure safe i love it to use for any bank transaction,5,2025-04-21 13:12:47,Dashen,Google Play
"amazing features, faster and easy to use",5,2025-04-21 11:18:46,Dashen,Google Play
Super Easy To Use and Fast Transaction.,5,2025-04-21 16:28:55,Dashen,Google Play
All in One ✍️secure ✍️reliable ✍️convenient. Digital banking game changer!!,5,2025-04-23 20:44:20,Dashen,Google Play
it so fanrastic and user friendly app. Bravo Dashen bank thanks.,5,2025-04-21 22:53:58,Dashen,Google Play
To join digital world use supper app and make your life easy,5,2025-04-21 11:29:39,Dashen,Google Play
Amazing app to use as usual! But why option of transferring to Telebirr and M pesa which was available on Amole app is omitted?? Dasheen is my favourite keep it up.,4,2025-01-20 19:57:00,Dashen,Google Play
"Simple, robust features? Yes, please! But the endless loading screen killed the fun—I couldn’t use it for days. Fix the glitch, and I’ll yeet a higher rating!",2,2025-05-26 08:21:54,Dashen,Google Play
"#Dashen Super App; Super easy to use, secure, and fast transaction. Love it!",5,2025-02-07 14:32:13,Dashen,Google Play
"Excellent and user friendly App. Excellence is what makes you always one step ahead. Dashen Bank, Always One Step Ahead !!",5,2025-01-16 19:10:53,Dashen,Google Play
So far so good! their in person customer service is amazing 👏,5,2025-04-14 15:51:47,Dashen,Google Play
the chat banking and unique and only app that alow money request!!,5,2025-04-21 15:06:01,Dashen,Google Play
"I tried the new Dash Bank Super App today, and it's amazingly easy and fun.I recommend you download and use it. You really like it",5,2025-02-06 20:21:48,Dashen,Google Play
"Dashen Bank Super App is fast, reliable, and super easy to use. All my banking needs are handled smoothly in one place. Clean design and seamless experience – highly recommended!",5,2025-04-21 15:16:09,Dashen,Google Play
easiness to use with fast response time,5,2025-04-21 12:01:20,Dashen,Google Play
It is very easy to use and powerful application.,3,2025-04-01 14:16:55,Dashen,Google Play
dashen super app is secure band very easy,5,2025-04-29 15:48:26,Dashen,Google Play
I love it. one of the best mobile banking app in the banking industry,5,2025-04-21 11:16:54,Dashen,Google Play
"Best UI mobile banking app, props to design team",5,2025-04-30 19:43:36,Dashen,Google Play
Massive upgrade from the Amole app.,5,2025-05-31 23:04:04,Dashen,Google Play
"The best of best is now arrived **Empowering Your Financial Freedom** ""Experience seamless banking at your fingertips with Dashen Bank. Empowering your financial freedom, anytime, anywhere!"" **Innovation Meets Convenience** ""Dashen Bank Mobile Banking: Where innovation meets convenience. **Secure and Reliable** ""Bank with confidence",5,2025-05-22 09:42:22,Dashen,Google Play
This is the best banking app ever. I recommend everyone to use it.,5,2025-04-23 09:06:58,Dashen,Google Play
this app better than Amole . but the biometric on new update doesn't work,4,2025-05-31 12:24:07,Dashen,Google Play
A fantastic product!! keep the good work.,5,2025-04-21 11:43:18,Dashen,Google Play
Great for everyday banking and payments on the go,5,2025-04-22 12:37:27,Dashen,Google Play
A Good and fast supper app thanks for dashen bank,5,2025-04-21 11:36:28,Dashen,Google Play
Its slow when i try to see the Recent Transaction and stucked,1,2025-04-28 10:11:58,Dashen,Google Play
"easy &,simple to use",5,2025-04-21 14:06:30,Dashen,Google Play
why does it ask me for both pin and opt even the opt is touch let alone both,2,2025-04-02 15:02:36,Dashen,Google Play
its features are so dynamic,5,2025-04-22 14:30:51,Dashen,Google Play
"It's an amazing app that is up-to-date with the times, wow wow",5,2025-04-21 14:43:50,Dashen,Google Play
fast &Friendly user Application.,5,2025-04-22 13:53:47,Dashen,Google Play
Dashen supper App is the most useful app for our customers,5,2025-04-21 11:41:28,Dashen,Google Play
"Waw, It's amazing app. thank you Dashen Bank.",5,2025-03-31 16:21:51,Dashen,Google Play
Add the option to send money to any telebirr account like amole does.,3,2025-03-08 10:45:48,Dashen,Google Play
The app is good but it ask update every week so tiring,2,2025-03-11 14:41:47,Dashen,Google Play
Dashen supper app is the most special. ይምቾቱ ይለያያል!!!!,5,2025-04-21 11:21:54,Dashen,Google Play
convenient and fast,5,2025-04-21 11:21:49,Dashen,Google Play
excellent mobile banking app,5,2025-04-21 11:23:00,Dashen,Google Play
It is an amazing application that meets the needs of customers.,5,2025-04-22 08:51:42,Dashen,Google Play
wawwwww what nice super app !!keep it up dashen bank !!,5,2025-04-21 19:14:21,Dashen,Google Play
"This app has everything I was looking for, dashen is becoming a grandmaster.",5,2025-04-21 20:34:23,Dashen,Google Play
"This App makes digital banking effortless and convenient. User-friendly interface, secure transactions, and excellent features for managing finances efficiently.",4,2025-05-10 10:01:21,Dashen,Google Play
The best app ever in finance sector,5,2025-05-18 22:01:50,Dashen,Google Play
"Dashen Super app is secure, very easy to use and has more services uniquely like budgeting, chat, IPS...",5,2025-02-14 11:46:51,Dashen,Google Play
Really the app looks like amazing. I can't wait to activate in the morning.,5,2025-01-14 20:32:32,Dashen,Google Play
Excellent app ever but it needs improvement on speed and transaction lists,1,2025-02-03 21:17:30,Dashen,Google Play
It is so far so good it has a unique features than telebirr good job Dashen,5,2025-01-15 09:49:13,Dashen,Google Play
Amazing and user friendly supper app and looking forward the additional features,5,2025-02-14 07:33:32,Dashen,Google Play
"It is a very wonderful work that has saved its time. That is why it is ""Always one step ahead!""",5,2025-01-17 12:04:57,Dashen,Google Play
I don't know what happens but the application is not send verification pass code you should fix that,1,2025-02-16 13:01:44,Dashen,Google Play
"Dashen super app is easy to use, fast and robust",5,2025-01-31 08:37:38,Dashen,Google Play
I wish dark mode feature is add as an option but it's good app,5,2025-02-27 17:12:06,Dashen,Google Play
"The app is not working properly, I have been using it.",1,2025-04-10 12:42:10,Dashen,Google Play
it's very disappointing fix it as soon as possible not expected from dashin bank fix it,1,2025-04-04 20:40:29,Dashen,Google Play
it is incredible product.,5,2025-04-23 16:09:24,Dashen,Google Play
"It's an amazing app, experience it!!",5,2025-04-23 10:41:16,Dashen,Google Play
it is the most amazing mobile app,5,2025-04-21 11:40:59,Dashen,Google Play
best mobile banking application,5,2025-04-21 11:28:29,Dashen,Google Play
best mobile banking application,5,2025-04-21 11:28:45,Dashen,Google Play
"Waw Great and innovated,user friendly, always one step ahead",5,2025-01-13 21:01:12,Dashen,Google Play
Best- in-class app.,5,2025-04-21 11:21:02,Dashen,Google Play
why do i have to change a pin number i use my finger print so dummy,1,2025-04-27 04:44:20,Dashen,Google Play
this is what we expect to get service Dashen Bank always like his slogan,5,2025-04-21 11:28:14,Dashen,Google Play
amazing app really i loved it .that's why we say dashen bank is one stap ahead. It's the best mobile application that should be on every phone.,5,2025-04-21 12:33:43,Dashen,Google Play
"One app for everything! I can shop, manage my bank account , and do so much more . Truly a super app",5,2025-04-21 17:44:31,Dashen,Google Play
The speed is too slow. Need some improvements.,2,2025-03-06 03:03:46,Dashen,Google Play
It is one of the best app ever use it and do it,5,2025-04-26 11:22:42,Dashen,Google Play
Applause 👏 Dashen Bank. One of the best super app inorder to pay easily and securely. One step a head.,5,2025-01-14 20:19:08,Dashen,Google Play
Very easy and Fast.,5,2025-04-24 11:37:47,Dashen,Google Play
excellent game changer App,5,2025-05-08 11:07:07,Dashen,Google Play
too slow to use.,1,2025-03-26 08:36:38,Dashen,Google Play
very good for this app,5,2025-05-31 21:03:18,Dashen,Google Play
what a helpful app!!!!,5,2025-05-13 12:09:55,Dashen,Google Play
awesome app keep going,5,2025-05-14 10:10:44,Dashen,Google Play
very comfortable app keep it,5,2025-04-21 12:28:51,Dashen,Google Play
Wow! like his name Super App...,5,2025-04-21 11:22:53,Dashen,Google Play
The app is good but it has no USSD option,4,2025-03-13 10:28:45,Dashen,Google Play
it's a hestorical app. in the bank industry.,5,2025-04-21 14:07:42,Dashen,Google Play
It is the best application!!!,5,2025-04-22 21:36:32,Dashen,Google Play
Better and inclusive app!,5,2025-04-21 15:05:09,Dashen,Google Play
it's Be Come Busy &not working good,1,2025-03-20 02:36:52,Dashen,Google Play
Dashen bank always one step ahead,5,2025-04-30 07:05:39,Dashen,Google Play
it is very good app,5,2025-04-10 12:14:13,Dashen,Google Play
"Proudly made in Ethiopia, this innovation delivers more than promised. The marketplace is a major boost for local commerce",5,2025-04-21 23:28:44,Dashen,Google Play
the best Supper App ever,5,2025-04-22 08:16:34,Dashen,Google Play
very useful App,1,2025-05-26 13:10:58,Dashen,Google Play
waw no idea the best app.,5,2025-04-19 20:43:26,Dashen,Google Play
"A lightweight,catchy and smooth app",5,2025-01-15 10:08:36,Dashen,Google Play
One star deducted for not to able to transfer to telebirr.,4,2025-02-13 20:41:25,Dashen,Google Play
"Simple, Fast and Easy ⭐⭐⭐🎉",4,2025-02-10 21:50:05,Dashen,Google Play
A proudly Ethiopia innovation that delivers beyond expectations. The marketplace feature is a big win for local shoppers bnd sellers,5,2025-04-21 22:21:45,Dashen,Google Play
Dashen bank super app for easy life.,5,2025-01-30 20:10:28,Dashen,Google Play
Fastest and easy to use,5,2025-01-22 11:03:09,Dashen,Google Play
I am so thankful for having this best app Dashen one step ahead,5,2025-02-04 15:04:14,Dashen,Google Play
Always one step ahead! What a masterpiece.,5,2025-01-16 00:09:32,Dashen,Google Play
"It does not work functional ,",1,2025-02-02 23:04:28,Dashen,Google Play
Faster and userfriendly,5,2025-01-14 11:38:11,Dashen,Google Play
It looks good and simple to use,5,2025-01-14 18:56:03,Dashen,Google Play
On Transaction page only show sent Transaction. Try to include received transaction.,4,2025-02-06 13:25:50,Dashen,Google Play
it was amazing app.....thank you dashen bank....,5,2025-01-30 23:28:41,Dashen,Google Play
Exellent app with exellent banking system and exellent bank ever,5,2025-01-21 05:57:30,Dashen,Google Play
A game-changing Ethiopian innovation—where shopping meets opportunity. The marketplace feature connects buyers and sellers like never before.,5,2025-04-21 14:43:02,Dashen,Google Play
i love this app esp 3 click that make e-commerce easier and convinient.,5,2025-04-22 13:24:34,Dashen,Google Play
"This Is An Amazing App with Uniqe Quality,Easy And Fast Mobile Banking App.",5,2025-04-21 14:39:18,Dashen,Google Play
it seems me logging out within minutes,1,2025-05-03 09:43:29,Dashen,Google Play
"Very impressed with the new updates, The e-commerce section is smooth and supports Ethiopian merchants.",5,2025-04-21 15:22:02,Dashen,Google Play
Very good app that like it too. B/c it is very fast and easy to use.,5,2025-03-26 20:31:02,Dashen,Google Play
"All in one, that is it 👌",5,2025-04-21 13:52:42,Dashen,Google Play
all of dashen bank customers use the application it is good to use,5,2025-02-01 21:57:58,Dashen,Google Play
It good and easy to use,5,2025-03-11 10:08:03,Dashen,Google Play
The best App of all,5,2025-03-17 22:37:55,Dashen,Google Play
“Life-changing!” I can’t imagine going back to traditional banking after using this app. It’s so convenient.,5,2025-01-17 10:18:44,Dashen,Google Play
This app doesn't work on my phone my phone is Samsung Galaxy s7 android version 9 All other financial apps work like telebirr CBE M_pesa...,1,2025-02-14 15:13:54,Dashen,Google Play
faster than this version,5,2025-05-01 04:20:47,Dashen,Google Play
why dashen bank workers hidden my ATM Card 🏧?it's a big problem to me,5,2025-04-04 20:05:19,Dashen,Google Play
The most good app and easy,5,2025-01-16 23:14:01,Dashen,Google Play
"A proudly Ethiopian innovation that delivers beyond expectations. The marketplace feature is a big win for local shoppers and sellers. Very impressed with the new updates, The e-commerce section is smooth and supports Ethiopian merchants!",5,2025-04-21 15:33:37,Dashen,Google Play
I appreciate that Dashen Bank takes lifestyle services into account.,5,2025-04-21 12:36:34,Dashen,Google Play
oh nice!!! i wish it's very nice app,5,2025-01-14 20:50:29,Dashen,Google Play
fast best app,5,2025-04-19 02:27:36,Dashen,Google Play
good and latest,5,2025-03-18 15:59:02,Dashen,Google Play
"Transferring to other bank accounts is a hastle and inconvenient .Get used to seeing "" please try again """,2,2025-05-17 11:03:32,Dashen,Google Play
Small size with vast features and functionalities.,5,2025-01-15 17:58:34,Dashen,Google Play
its the best ever,5,2025-05-09 00:18:26,Dashen,Google Play
very easy and flexible app.,5,2025-04-21 13:48:44,Dashen,Google Play
it is not as good as to the other mobile bank app.,1,2025-05-22 19:35:38,Dashen,Google Play
Wow Excellent app,5,2025-03-08 12:43:31,Dashen,Google Play
The best Banking app I have ever seen,5,2025-01-14 18:57:03,Dashen,Google Play
Always one step a head!,5,2025-01-15 10:26:27,Dashen,Google Play
I hope it will be better than amole,5,2025-01-18 13:03:55,Dashen,Google Play
"Like Me, I Hope It Works Better Than Before.",5,2025-01-11 11:36:49,Dashen,Google Play
Super smart app.,5,2025-02-18 15:28:05,Dashen,Google Play
Great App Well done Dashen Bank,5,2025-01-15 22:06:06,Dashen,Google Play
Always one step forward,5,2025-01-15 19:51:06,Dashen,Google Play
it's amazing app i have seen ever,5,2025-02-13 22:00:54,Dashen,Google Play
Needs some improvement,5,2025-01-20 16:49:52,Dashen,Google Play
Better Move to catch the competition up👍,5,2025-01-16 13:44:01,Dashen,Google Play
"Good app, bad security",3,2025-02-06 14:20:36,Dashen,Google Play
Dashen yichalal. Ewnetem one step a head,5,2025-01-17 20:10:52,Dashen,Google Play
Amazing super app,5,2025-01-19 16:23:49,Dashen,Google Play
I only see white page,2,2025-01-23 15:52:15,Dashen,Google Play
Always one step ahead,5,2025-01-13 09:15:03,Dashen,Google Play
Excellent UI/UX and beyond Banking services👍👍,5,2025-01-30 17:39:16,Dashen,Google Play
It keep my time to pay my bills and I generate my satment easily,5,2025-04-21 14:50:46,Dashen,Google Play
"Good actually , but it have to WORK when developer option is on 🙏",5,2025-04-21 12:49:32,Dashen,Google Play
useless app ever loading take long,1,2025-05-27 09:19:32,Dashen,Google Play
Dashen bank is my number one choice,5,2025-04-22 08:04:41,Dashen,Google Play
yes i want dashen super open,5,2025-05-02 23:55:12,Dashen,Google Play
Keep up the good work and pleas add water and electric utility payment,5,2025-02-12 11:32:07,Dashen,Google Play
Wow amazing app,5,2025-02-21 11:27:50,Dashen,Google Play
nice app ever,5,2025-04-17 14:43:43,Dashen,Google Play
Wow Dashen Super App 🚀🚀,5,2025-01-14 20:05:55,Dashen,Google Play
"To be honest, best banking and lifestyle app in Ethiopia.",5,2025-05-12 16:03:18,Dashen,Google Play
Wly Super App ilove it ❤️ 😍 💖 💕,5,2025-01-18 08:19:42,Dashen,Google Play
Proud to be dashen family . Shout out to the serial entrepreneur 👏,5,2025-01-16 18:59:47,Dashen,Google Play
All good we need more,3,2025-01-31 08:58:16,Dashen,Google Play
App That makes Difference!,5,2025-01-14 18:32:11,Dashen,Google Play
the worst app in the market only good ui,1,2025-03-22 22:00:42,Dashen,Google Play
best platform... Please avoid otp,5,2025-02-21 08:28:04,Dashen,Google Play
Not good this app,1,2025-02-04 13:32:40,Dashen,Google Play
thanks for all digital transaction,5,2025-03-21 16:40:14,Dashen,Google Play
betam mirt Ena betam le atikakem kelel Yale Ena michu application nw,5,2025-04-22 08:55:03,Dashen,Google Play
its my choice,5,2025-05-15 21:15:44,Dashen,Google Play
best of best,5,2025-04-05 09:08:13,Dashen,Google Play
it's samart,5,2025-04-10 15:39:47,Dashen,Google Play
what an App,5,2025-04-21 15:59:35,Dashen,Google Play
proud by dashen bank,5,2025-04-06 14:46:12,Dashen,Google Play
it too slow,3,2025-05-29 13:26:30,Dashen,Google Play
dashen bank or dashen super app?,1,2025-05-17 16:44:29,Dashen,Google Play
best app I have ever seen,5,2025-04-29 10:49:49,Dashen,Google Play
U can't create account,1,2025-01-15 11:08:21,Dashen,Google Play
"Truly, db => AlwaysOneStepAhead !!",5,2025-01-14 21:37:50,Dashen,Google Play
mobile banking to the next level,5,2025-01-28 10:59:00,Dashen,Google Play
I loved it,5,2025-02-05 16:14:14,Dashen,Google Play
real life changer,5,2025-05-28 12:01:56,Dashen,Google Play
Is not working,1,2025-01-25 09:18:55,Dashen,Google Play
I love this app,5,2025-04-21 10:32:34,Dashen,Google Play
wow to it saff and this app,5,2025-05-30 10:11:47,Dashen,Google Play
Dashen Bank Always One Step Ahead!,5,2025-01-15 11:10:01,Dashen,Google Play
We will see it,2,2025-01-15 10:34:46,Dashen,Google Play
It's Best waww 🙏,5,2025-01-13 09:37:19,Dashen,Google Play
Gud app kegza ga mezmn endze new aind ermjh kedme nachu hlam,5,2025-02-06 17:44:43,Dashen,Google Play
real super up,5,2025-04-04 21:12:55,Dashen,Google Play
Worst app ever,1,2025-03-15 23:44:10,Dashen,Google Play
wallahi very fantastic Bank,5,2025-03-31 17:29:06,Dashen,Google Play
All in One,5,2025-01-14 19:49:24,Dashen,Google Play
It doesn't work,1,2025-02-07 15:51:08,Dashen,Google Play
Dashen Bank Always One Step Ahead!,5,2025-01-14 23:31:19,Dashen,Google Play
The first 3 star review is me,3,2025-01-25 14:59:37,Dashen,Google Play
keep it up!,5,2025-04-21 12:36:01,Dashen,Google Play
no one dashen yichlal,5,2025-03-07 10:15:57,Dashen,Google Play
best of best,5,2025-04-29 10:37:26,Dashen,Google Play
This is My Bank!,5,2025-01-15 04:02:16,Dashen,Google Play
ALWAYS ONE STEP AHEAD,5,2025-01-14 21:16:40,Dashen,Google Play
it is good but some times says duplicate transaction why?,5,2025-05-24 08:07:56,Dashen,Google Play
Good,4,2025-05-13 11:42:22,Dashen,Google Play
good,4,2025-05-31 22:39:35,Dashen,Google Play
Totally amazing,5,2025-05-13 19:46:18,Dashen,Google Play
nice application,5,2025-05-27 14:31:31,Dashen,Google Play
Game changer,5,2025-05-13 22:12:29,Dashen,Google Play
good,5,2025-05-16 21:56:27,Dashen,Google Play
Fantastic,5,2025-05-16 10:07:49,Dashen,Google Play
good,5,2025-05-28 11:35:42,Dashen,Google Play
top,5,2025-05-31 20:25:21,Dashen,Google Play
always lagging,1,2025-05-16 16:30:56,Dashen,Google Play
thank you,4,2025-04-30 16:28:14,Dashen,Google Play
super 😎,5,2025-05-13 14:15:20,Dashen,Google Play
gadaa,5,2025-06-01 17:10:53,Dashen,Google Play
መቸሸጠ,5,2025-06-03 19:40:31,Dashen,Google Play
👍👍👍,5,2025-05-28 11:47:32,Dashen,Google Play
This is what we call banking app. As professional I want banking app as simple as this and an app rich of features that align with my lifestyle.,5,2025-04-21 17:13:56,Dashen,Google Play
Excellent app.,5,2025-04-21 17:32:20,Dashen,Google Play
Convenient!,5,2025-04-22 08:52:38,Dashen,Google Play
Best App,5,2025-05-02 10:45:22,Dashen,Google Play
best app,5,2025-04-28 12:15:07,Dashen,Google Play
best app,5,2025-04-23 13:36:19,Dashen,Google Play
good,5,2025-04-20 17:31:27,Dashen,Google Play
waw,5,2025-04-28 14:05:09,Dashen,Google Play
Best App!,5,2025-04-21 11:17:35,Dashen,Google Play
Very convenient,5,2025-04-21 20:12:22,Dashen,Google Play
Nice App,5,2025-04-18 18:25:34,Dashen,Google Play
nice app,5,2025-03-29 10:09:55,Dashen,Google Play
best experiences,5,2025-03-26 11:14:01,Dashen,Google Play
good,5,2025-04-17 14:42:39,Dashen,Google Play
good,5,2025-05-09 19:44:41,Dashen,Google Play
best,5,2025-04-06 08:51:01,Dashen,Google Play
nice,5,2025-05-08 11:37:34,Dashen,Google Play
perfect,5,2025-04-03 02:17:59,Dashen,Google Play
Best,5,2025-03-20 13:16:10,Dashen,Google Play
good,5,2025-04-04 16:57:03,Dashen,Google Play
Good,5,2025-03-20 09:01:08,Dashen,Google Play
Nice,5,2025-04-16 09:23:01,Dashen,Google Play
Superb,5,2025-04-21 11:19:08,Dashen,Google Play
execellent,5,2025-04-24 09:23:20,Dashen,Google Play
በጣም ቅልል ያለ አፕ በርቱልን ለአጠቃቀም ምቹ,5,2025-03-22 12:23:39,Dashen,Google Play
slow cumbersome,3,2025-04-08 12:41:35,Dashen,Google Play
Is really 💀,2,2025-04-08 08:50:03,Dashen,Google Play
Wawww,5,2025-05-24 16:55:43,Dashen,Google Play
nic,5,2025-03-22 17:19:22,Dashen,Google Play
tanku,5,2025-04-04 16:56:25,Dashen,Google Play
ምርጫዬ ነው,5,2025-04-13 19:47:18,Dashen,Google Play
nic app,5,2025-04-16 16:42:02,Dashen,Google Play
In short ! I'm so proud of this app developers for their highest professional of developing. Thanks,5,2025-03-06 14:41:23,Dashen,Google Play
Fantastic app,5,2025-03-01 10:53:56,Dashen,Google Play
good app,5,2025-03-04 10:49:10,Dashen,Google Play
Hey great,5,2025-03-12 13:58:05,Dashen,Google Play
It's best,5,2025-03-08 10:13:14,Dashen,Google Play
Good,5,2025-03-08 14:29:09,Dashen,Google Play
Excellent,5,2025-03-10 13:06:14,Dashen,Google Play
Good,5,2025-03-13 13:48:00,Dashen,Google Play
በጣም አሪፍ መተግበሪያ ነው ። አመሠግናለሁ ።,5,2025-03-10 17:38:29,Dashen,Google Play
"የሚገርም aplication ነው, ነገር ግን ብር ትራንስፈር ሲደረግ ያለ ፒን መሆኑ risk አለው ሁሉ ጊዜ የ ትራንስፈር መደምደሚያ ፒን መሆን አለበት!!!!!!!!!!!!:: አሱ ቢስተካከል 5 star አስከዛው ግን 4 ሰጥቻለው::",4,2025-02-09 13:11:56,Dashen,Google Play
አፕልኬሽኑ አሪፍ ሆኖ ሳለ ቴሌብር ወደራስ ብቻ ለምን ሆነ እንደ ድሮው ለሰውም መላክ ቢቻል,4,2025-02-22 16:28:31,Dashen,Google Play
Baankii daashin baankii hudna galeessa galatoomaa isinii woliin jirra Godina jimmaa magaalaa Aggaaroo irraa Muaz Abamecha Abamilki,5,2025-02-07 22:53:12,Dashen,Google Play
Wonderful Application 😍,5,2025-02-05 19:02:00,Dashen,Google Play
Too best,1,2025-04-21 11:34:37,Dashen,Google Play
Best app,5,2025-02-04 12:02:02,Dashen,Google Play
best 👍👍,5,2025-02-16 14:43:36,Dashen,Google Play
Gret experience,5,2025-02-01 05:43:03,Dashen,Google Play
Good,5,2025-02-07 18:43:21,Dashen,Google Play
goood,5,2025-04-02 15:03:47,Dashen,Google Play
Good,5,2025-02-28 21:43:31,Dashen,Google Play
Perfect,5,2025-02-02 23:05:20,Dashen,Google Play
No good,1,2025-02-22 04:45:39,Dashen,Google Play
ከጰነጨየጠ,2,2025-02-26 13:20:24,Dashen,Google Play
Ok,5,2025-02-02 00:15:21,Dashen,Google Play
ok,5,2025-03-30 12:22:57,Dashen,Google Play
Really super app... so seamless and with a nice user interface .. we are proud of you dashen bank ...,5,2025-01-15 10:59:17,Dashen,Google Play
Send to oher bank የሚለዉ ዉስጥ ገብተን ወደ addisinternational bank ለመላክ አይሰራም ሁለተኛ ደግሞ ወደ cbe birr ለመላክ account number ይጠይቃል ሞባይል ነበር ነዉ መጠየቅ ያለበት ይመስለኛል,2,2025-01-29 19:10:35,Dashen,Google Play
ፍጥነቱ በጣም አሪፍ ነው! እና ቀለል ያለ ነው ! ነገር ግን ተጨማሪ ወደ ቴሌብር ኤጀንት መላኪያ አፕ ቢካተትበት ጥሩ ነው::,4,2025-02-12 22:04:57,Dashen,Google Play
"I love it but it has bugs during confirmation of password! So, please make it functional",5,2025-01-15 20:02:01,Dashen,Google Play
Amazing app 👏 👌 Dashen bank one step a head,5,2025-01-15 15:55:14,Dashen,Google Play
ጥሩ ነው ግን በደንብ ሊሸሻል ይገባል,4,2025-02-13 15:37:01,Dashen,Google Play
Excellent app.,5,2025-01-16 16:11:59,Dashen,Google Play
Best app,5,2025-01-15 15:24:00,Dashen,Google Play
very nice,5,2025-04-26 22:56:19,Dashen,Google Play
Excellent app,5,2025-02-24 11:47:44,Dashen,Google Play
Great!,5,2025-01-15 21:37:03,Dashen,Google Play
Best,5,2025-01-29 11:16:30,Dashen,Google Play
Amazing,5,2025-01-20 16:36:48,Dashen,Google Play
Nice,5,2025-01-15 21:02:45,Dashen,Google Play
ስም ብቻ 😏,2,2025-01-21 07:06:04,Dashen,Google Play
First ATM in East africa ⭐️⭐️⭐️⭐️⭐️,5,2025-01-16 15:46:32,Dashen,Google Play
አሁን ገና አንድ እርምጃ ቀደማችው,5,2025-02-04 18:19:13,Dashen,Google Play
Amizing Application 😍,5,2025-01-22 14:17:28,Dashen,Google Play
Wow,5,2025-01-17 22:14:07,Dashen,Google Play
Ok,5,2025-01-21 22:26:27,Dashen,Google Play
