review_id,review,sentiment_label,sentiment_score,identified_theme
1,"The previous version is much better than this one. I used it for more than six years without any problem. But now I'm having a serious trouble with the updated app. I don't know why it takes him forever to refresh and load the home page once you sign in. And if it fails to load, it never recovers. I only see some UI changes. Really disappointed",negative,-0.11875,Feature Requests
2,"The good thing is its simplicity to undertake the basic functions. Updates with improvements and fixes should have been released by now. Please fix. 5 years after last review… Issues with beneficiary are fixed. However, still unable to track transactions much less to download in appropriate formats. This feature got diminished in the latest update. Please improve and fix.",positive,0.1416666666666666,Feature Requests
3,The updated app is attractive and is working very well. Forced to revise my previous rating of 2 star to 4 star. Hope it will keep on working! Rated it excellent for the past years. Revised my review after it keeps on crashing in 2019 and installing it for a second time in less than 3 months. Please work on the problems.,positive,0.134375,Customer Support
4,"I love this app. It's simple to use and syncs fast. The only issue I had was the balance shows only what's on the ledger, there is no way to tell what the actual balance is. I learn about the difference between the two balance types the hard way on an ATM machine. I would love to see that fixed in your next update.",positive,0.1008333333333333,Feature Requests
5,"It is a service that is not expected from such a large institution. I saw that your work is very complicated. The user does not understand well your application. In general, you have many problems. This application is not convenient for the end user. For instance I can't access my account from abroad what I depsited amount and transfer from my account to any any one .It is a shame.",positive,0.0273809523809523,User Interface & Experience
6,"The CBE app has been highly unreliable in recent weeks. It frequently fails to work properly on both Ethio Telecom and Safaricom networks, whether using Wi-Fi or mobile data. This week, the system was down entirely for extended periods, making it very difficult to access banking services. The app only functions intermittently, and the lack of consistency is frustrating. I hope the issues are addressed soon, and that any non-technical influences are removed from such essential services.",negative,-0.1405050505050505,Feature Requests
7,"this new update(Mar 19,2025) is great in fixing bugs, stability and smooth experience I'll give u that but it came with a big shortcoming which is not allowing to take screenshot. I can't screenshot neither my balance nor the transaction or anything within the app, i understand it's for security reasons but please bring that back, allow us to take screenshot we need that. Thanks.",positive,0.256060606060606,Feature Requests
8,"Good job to the CBE team on this mobile app! It's designed in a way that's simple and intuitive to navigate, which is great for everyone. It effectively handles the essential banking tasks I need to perform regularly. It's a practical and reliable tool that makes everyday banking much more convenient. Thank you for this useful application.",positive,0.3194444444444444,Feature Requests
9,this app has developed in a very good ways but there are some comments I need to make 1- preventing the screenshot likely not good for someone like me coz I need to make screenshot for quicker evidence. 2-it would be good if you make us to access recent transaction histories for 30 days coz we don't have to go to the Bank's in person to see old transactions or add colander category so user can easily access old transactions through colanders.,positive,0.2214814814814815,User Interface & Experience
10,as if the update of march 19 i can't take a screenshot in the app. i can just save it as file and that is so annoying. i used to save all screenshot in my gallery in one folder now with the extra steps added i have to save the file go to file and then screenshot it. the solution is to allow the screenshot to be save in to gallery automatically. i wish you give this review attention and resolve the issue shortly.,negative,-0.2666666666666666,Feature Requests
11,"Old version was very friendly to use. Now we can't see the #Reason The #transaction history (very limited) and now it crash every time it's opened. More over, the last update prevents us from taking #screenshots. Thanks for the developers as they are getting more stupid than ever.",positive,0.1118303571428571,Feature Requests
12,Taking away the screenshot of the receipt is just silly. Worse is tbe download button putting a copy of the screenshot - which you prevented to be taken - in tbe downloads folder where we cant attach directly from Whatsapp. Millions of people use the screenshot as proof of payment / transfer yet you make that harder for everyone? I have every user contacts the developer or manager who made this awful decision.,negative,-0.38,Feature Requests
13,"Recently there is big problem when sending to safaricom, telebir, and even to cbebirr wallet could anybody who is responsible fix it, it's very frustrating it's been 5 days and my money hasn't been returned it takes it out of my account but doesn't send it to my mpesa update- they have just corrected it and sent me back the money but still I'm afraid now to send again",negative,-0.1533333333333333,User Interface & Experience
14,"I was using this app for the last two years with no problems. It stopped working about 3 months ago. when I tried to transfer funds it gives me error ""can't do this transaction. inactive account.""",neutral,0.0,User Interface & Experience
15,"It's very good in reminding the account numbers you have been used, but Need to show recipient history whenever you want to present it.or it has to have a search on options for a spesfic time you want to look for receipts with out going for account details at bank. if you lost your receipt without downloading it and need to look sometime a while you can't get in simple search on the app.",positive,0.3033333333333333,User Interface & Experience
16,It crashes multiple times everytime you launch it. Fix it. Edit: crash fixed but screenshots has been disabled. I don't know who thought this was a good idea.,positive,0.15,Account Access Issues
17,"The latest update prevents taking screenshots, which is really annoying! please allow us to take screenshots! we need it for evidence (particularly, in case of transfer failure!).",negative,-0.1822916666666666,User Interface & Experience
18,"The history sometimes misses transactions, tranfer to cbe birr debited but not really transferred, We need to really cop up with the world for real. The hacks and security problems, invest on and solve them.",positive,0.1,User Interface & Experience
19,"every update was made the system better and better until the March 19th, 2025 update, not allowing us to screenshot. you guys didn't understand how much it's a really quick and significant thing. You add extra steps to us, which makes the process draw back",positive,0.2847222222222222,Feature Requests
20,"I’ve been using the CBE mobile banking app, and overall, I appreciate its features. However, I’ve noticed that when I turn on the developer options on my device, the app stops functioning properly. It would be great if you could look into this issue, as I often need to access developer settings for other applications. Thank you for your attention to this matter!",positive,0.1609375,Feature Requests
21,"Very good application. However, I have one functionality recommendation. What if you let the app transfer money to any telebirr account as for MPESA? By the way, I am not the only one to ask this. Thank you!",positive,0.4549999999999999,User Interface & Experience
22,I have using the CBE mobile banking app. and overall i appreciate its Feuteres However i.ve Notticed that when i turn on the Developer options on my divice the App.Stop Functioning prorerly It.Would Be Great If You could look into This issue as l often need to access Developer setting for Otter Application ThankYou For Your attention to This Matter,positive,0.4,Feature Requests
23,"In the previous, I gave 4 🌟 for this app based on my evaluation. This app was without biometric security and may be exposed to cheaters unexpectedly. It is solved now. You can add verification security on the setting app. But there is something problem still with verification. It must prevent logging in without correct input fingerprint.",negative,-0.0333333333333333,Feature Requests
24,"I don't understand the reason, why I need to disable developer options to access the app, it has no security risks nor does it hinder the app's functionalities. This goes out to the dev, I hope your life is filled with inconveniences.",positive,0.4,Feature Requests
25,before it was smooth and good. this time after the new update in 2025 i can not make screenshot of my recite. even the downlod button is very delayed in putting my recite in my gallery for simple proof. please fix this i am unable to show proof of payment to my clients. thankyou.,positive,0.156060606060606,Feature Requests
26,"my first frequent experience of cbe app is critical-time failure such as suspending payment on air for 2-5 days with zero explanation, deducting from sender account without depositing to the receiver act. Another fatal error by the banking company as a whole (not the app itself though) is forced-banking with corporations without consent of employers-users of the corresponding corporations",positive,0.0466666666666666,User Interface & Experience
27,Please bring back the screenshot option. The screenshot download option takes like 15 second appear in gallery and most people don't know about it.,positive,0.1666666666666666,Feature Requests
28,"The recent update automatically turns the developers option on, and when one starts the app, a message pops up saying the app does not work with the developers option on. So, one has to go to the settings and manually turn the developers option off. Otherwise the app doesn't work.",neutral,0.0,Customer Support
29,"The review page keeps loading, and even sync is completed. The history page always shows old/unknown transactions. ...... Edited: I guess the loading page means it expires and needs to go to the nearest bank and ask for an extension for another 3 years. Upgrade to 3 stars .",neutral,0.0,User Interface & Experience
30,"First this app was pretty good and well connection while transferring money, but now there's no such a worst mob app ever while transferring money it corrupts due to the network and took the amount of money you were transferring from your account then after seconds interruptions it's shows that the money is transferred (this case happens especially to telebirrr wallet) then after you report the issue to the CBE customer service they refund your money to your CBE account after 3-5 days.",positive,0.0107142857142857,User Interface & Experience
31,Two step verification update is fake (meaningless). Why because the app gives you an option of to use pin while requesting two step verification step. 🔐 This updated app is not differ than the previous one in case of security & safegaurding users.👹👹💀💀 The other features of the app are best and easy to use it.⭐️⭐️⭐️⭐️⭐️,positive,0.0236111111111111,Feature Requests
32,What an absolutely terrible update. No screenshots and you still have this stupid restriction on developer options. WHAT ABOUT THOSE OF US WHO ARE ACTUALLY DEVELOPERS!!!!!! At this point telebirr just wins the game 100%. CBE. Do. Better!,negative,-0.2125,Feature Requests
33,Really! this app is more simple to use at any time in every where also it's transaction quality between the users within the transaction receipt as abank that means this app is our bank on hand in mobile frankly I proud on this bank digital. I have no word to wrote ...... but it's have weakness on poor connection.,positive,0.1916666666666666,User Interface & Experience
34,"The app is full of bugs here and there, perhaps it's from the backend side idk. For instance the transaction history you see on top is one made a couple of months ago and you have to refresh until you reach the top. it's just so bizarre. And you can't even search for a transaction you made. Someone with a lot of transactions will find it annoying. Even simple things like localising dates to Amharic dates are now correctly implemented.",positive,0.1583333333333333,User Interface & Experience
35,It made life alot easier. I cant even imagine having to make all those transactions in person. So this app was crucial for me. Very good app. well done.,positive,0.4549999999999999,Transaction Performance
36,It used to be the best bank app in Ethiopia. But now using it is a terrible experience. For every transaction it shows an error message. Making a simple payment requires 5 to 6 trials to complete.,positive,0.025,User Interface & Experience
37,I'm sad guys what are you doing? Why did you add the screenshot restriction to the app? You just made it worse it was a great value to us. You need to rethink it. i will change the 1 star rating when you resolve the issue.,negative,-0.0333333333333333,Feature Requests
38,If any developer is reading this please fix the screenshot functionality or at least the download button should work flawlessly without me touching it twenty times.,positive,0.3999999999999999,Customer Support
39,Its good but we need an option of choosing a specific period to get a historique of transactions. For example when i want to check my previous transactions i only get few transactions. Thank you.,positive,0.0666666666666666,User Interface & Experience
40,well designed! Fixing bugs & two step verification with biometric... simply it's great!,positive,1.0,Feature Requests
41,always disappointing ! especially the iOS one !! some similar local applications are extremely superior to this application!! Really disappointing!,negative,-0.0833333333333333,Feature Requests
42,"As an app developer, I rely on Developer Mode to build and test apps, but this app blocks access entirely if it's enabled. This restriction is unnecessary and makes it impossible for developers to use the service. Instead of outright blocking, consider implementing enhanced security measures that don't alienate professionals who need this setting. Please reconsider this policy.",negative,-0.3555555555555555,Feature Requests
43,it is good app. But you have integrate cbe with cbe birr. to allow cardless withdrawal directly from our accout!,positive,0.4125,Feature Requests
44,Doesn't work properly. It crashes some many times. commercial bank of Ethiopia not only the application but also sending money to own CBE birr doesn't get your money in your bank account. forcefully you must wait 3-5 days to get your money back to your account. walk up CBE the world is going to decentralized finance.,positive,0.1833333333333333,User Interface & Experience
45,"I am not exaggerating when I say that this application is one of the biggest players in the banking industry. It has simplified a lot of things for the user, even if the bank is in his pocket. But my opinion is (1), when we transfer money, there is a word limit on the (Note) at the end. Why can't we write our reason briefly? I don't understand why it is limited. On the other hand, there is no limit on the bank. Could you explain this? (2), when we pay for water, why is the code not mentioned",negative,-0.0654761904761904,User Interface & Experience
46,"I have seen lots of great updates right here, especially the 2FA using the biometric security technique, I suggest you work on minimising app crashing due to the accumulation of cache, very little cache crash it.",positive,0.1433928571428571,Account Access Issues
47,"Add customer service please other than calling 951. Why would you have a mobile app but not an online text-based customer service? Why? Disappointing And I will never use the top-up feature again, I have been trying to recharge my safaricom balance but your app would say time out and then credit my account but never recharge my balance, why? Where is my money? Do you expect me to call 951 at midnight?",negative,-0.3625,User Interface & Experience
48,"Why on earth is CBE telling me to turn off developer mode? As the name clearly states, it's for developers, not for CBE to dictate. There are countless financial apps out there that work just fine without demanding such an unnecessary restriction. If your app can’t handle developer mode, that’s a you problem. Fix your code instead of disabling features that have absolutely nothing to do with you.",positive,0.0452380952380952,Feature Requests
49,"I really like this app as it is being updated from time to time and includes multiple payment options. In particular, giving a receipt makes it even more preferable. However, when it is refreshed, it does not show the history of credit and deposit in order and, I am of the opinion that it is better if the recent history is fixed respectively according to the transaction date in the future because there is a problem of confusion.",positive,0.1629629629629629,User Interface & Experience
50,"I like the application very much because it is user friendly and makes transactions easiest, especially for business matters. But, these few days I faced difficulties of opening it. I tried to uninstall and re install the app, and re verified at the nearest cbe center. But still failed to use all the functions. It says 'none available'. Any suggestions please!",positive,0.0478571428571428,Feature Requests
51,"Most of the time, in the 'Recents' button the app becomes stuck and doesn't show up details of transactions and doesn't even scroll down; should be solved. Second, the app doesn't save the last pop-up screen when a transaction is complete. Third, there is no telebirr transfer to other person option and the app by default lets you to only own telebirr transfer.",positive,0.1021604938271604,User Interface & Experience
52,"It's a great app. I've been using this app since the bank launched it. As a long-term user, I would like to point out things that need to be improved. 1. Deleting money transfer history should be the user's choice. 2. There should be an option to download an in-depth transfer history for each transfer activity , just as there is posiblity to download a single time transfer recit. Do that and get 5 star.",positive,0.3642857142857143,User Interface & Experience
53,"This app has several issues based on my experience. Below are the problems that I encountered: 1. The app frequently crashes. 2. It only shows a limited transaction record history (25 transactions). 3. You can't access the transaction records after 8:00 pm and on Sundays. 4. It displays a ""payment failed"" message. It would be greatly appreciated if you could address these issues",negative,-0.0452380952380952,User Interface & Experience
54,1 star because I have to visit my bank for new installation of the app and reactivation takes about 45 to 60 minutes with there long queue and system failures. Learn from telebire app and give options to customers to apt out of this ridiculous security feature. Second why is there no customization in the settings for displaying which account I want displayed in the first section rather that slide to my main account every time. You are making us pay a monthly subscription. Bare minimum is not it,positive,0.1024621212121212,User Interface & Experience
55,"My experience with this app has been outstanding so far,but sometimes it has a hard time connecting with network and makes it hard to make transactions. Apart from that it's amazing.",positive,0.1291666666666666,User Interface & Experience
56,"I have been using this app for almost four years now. In the beginning, it was working fine. Sometime later, it gets difficult to create a connection to my account, and could not manage to make and see transactions on my account. After updating it lately, Jul 2020, I was glad this app came with some user interface improvements, and the connection was quite fast. Not longer than two weeks, the app starts to get stuck, and it cannot even show me the UI properly. As a result, I have a useless app on my cell phone, hoping that [you] will soon come with updates.",negative,-0.0229166666666666,User Interface & Experience
57,"Application UI and new features are better than the previous version. I found a minor bugs though. I couldn't transfer to an account from the beneficiary list, it says None Available; There is still so much to do with the localization; Instead of ሰኔ it says ጁን and more like this; date conversion is missing also. If this minor things are fixed it will be much better.",positive,0.1699724517906336,User Interface & Experience
58,"It is a good and progressive app through the updates. I think the app should further solve its bugs like 1. It doesn't download or share attachment on android 12 and 11, it used to work on android 10. 2. Sometimes transactions seem like they have failed and there are no records, but the transactions actually have passed this is a very serious issue, because people will try the transaction again which will end up doubling the payment.",negative,-0.0466666666666666,User Interface & Experience
59,"With each update the app is getting slower and slower, specially when requesting transaction history. And I wish the logging process could be done easily. When someone changes a phone, it makes it mandatory to consult the branch and that makes it not to be self assisted. Hope you could fix it. Please add an option of transferring to other TeleBirr numbers other than the ""Own telebirr"" option. It id very limiting now a days",positive,0.2234126984126984,User Interface & Experience
60,"Absolutely the best app! It works flawlessly, anytime and anywhere.",positive,0.7333333333333334,Transaction Performance
61,"The CBE mobile banking app is a time-saver, but it needs several improvements, like adding fingerprint authentication. It's risky when people see me entering my PIN. Additionally, the fees are unreasonable. You could learn from Tele Birr, which adjusts fees based on the transaction amount. However, the CBEMB app charges a flat 10 birr fee for amounts between 5 and 1000 birr, which I think is unfair.",negative,-0.175,Feature Requests
62,"The app is awesome. But there are many things to highlight.For example, When spending money from the account , a confirmation text message must be sent to the account holder. Also the fact that, the PIN is only four digits is not safe enough for security, if it is more than eight digits and includes numbers and symbols, it will be cool.",positive,0.3,User Interface & Experience
63,"Still needs development on several features.... For example - bank statements available online. The text feature of available balance and debited/credited notifications is very old school and involves too much digital trail. App doesn't always work, could be due to network issues in Ethiopia though. Another major issue is an error message is displayed when transferring from CBE to other banks. Ive almost lost a few thousands doing this once. Always cross check your balances.",positive,0.05425,User Interface & Experience
64,Recently app keeps closing and the notification after says this app has a bug. Can you make an update please,neutral,0.0,Feature Requests
65,Unstatisfied with the new update keeps crashing every now and then and even though i haven't reached the max txn per day still refuses to transfer...probably going to change my bank if it's not fixed asap,positive,0.0431818181818181,Account Access Issues
66,"The app has brought a new problem. When i open the app, it closes itself then i have to open it again. Please fix this issue if it's your problem",positive,0.0454545454545454,Feature Requests
67,"this app is absolutely fantastic I love it and I enjoying to it ,let us support this foundation together .",positive,0.4666666666666666,Feature Requests
68,"Funds transferred from the same bank do not reflect in the account, even though a confirmation text message was received.",neutral,0.0,User Interface & Experience
69,It is Amazing Mobile Banking App....But why the screenshot of the receipt doesnt work,positive,0.6000000000000001,Customer Support
70,"Very good app, but please make it reliable . it crashes sometimes .",positive,0.91,Account Access Issues
71,"Sometimes it has a nasty lag for several hour fix that , the rest is 👌",negative,-0.5,Feature Requests
72,it is smart app but it has stoped after some period of time on my device with out any reason .,positive,0.2142857142857142,Feature Requests
73,nice app suitable to use it. the only weak side is it need data connections and hoping will be fixed to offline i gave 4 rate,positive,0.175,Feature Requests
74,"I really love this app,it is amazing. It is more flexible than any other banks app. The only and main problem that I encountered with this app is,if it is uninstalled from this devices, I have to go to the bank and mostly the specific barank the account is opened to reconfigur again. This is very unpractical in most cases,since people are traveling and very busy in their day to day activities. Kindly consider to change this option.",positive,0.2976388888888889,Feature Requests
75,"I have been using this app for more than a year it came with best version, but now after the last update it's not working well as before. It can't sync, the connection is not working at all. I can't see recent transactions and make any transfer , all the features are not working, I hope you will come with a better update soon.",positive,0.4,Customer Support
76,"In fact, it's a good app to make our daily life easier! However, I have encountered several times issues with this app. 1. It's not always working with network error, even though the network is good on my phone. 2. It happened to me several times that when I transfer money to someone's account, I doubled the transfer! Or in another word, my money sent two times. If I wanted to send 10,000, I found that sent 20,000 because of the APP error. I hope this will be fixed soon.",positive,0.25,User Interface & Experience
77,there are to many bugs app keeps crashi ng and the update file seems to keep getting worse,positive,0.0499999999999999,Feature Requests
78,"I fails mid transaction, No screenshot, download don't work, link shared not working bring back the old app this is usless",negative,-0.1,Customer Support
79,Since last week this app has started not working. It simply log in without network but can't sync. Please fix it.,neutral,0.0,Customer Support
80,Best app but there is some problem I can't send money to telebirr or mpesa so if you can add that it could be use full,positive,0.675,User Interface & Experience
81,its great app but when updating we can't take screen shot please try to fix it,positive,0.8,Feature Requests
82,"URGENT FIX REQUIRED!!! The app does not work anymore! Account balance is not displayed. Trying to use any service on the app shows error ""None available"". What is the point of an internet/mobile banking app if you cannot carry out banking services from your fingertips? I also don't want to reinstall because CBE activation code can only be recieved in the bank, which sounds very ridiculous. These days, banks send OTP to email, so customers can manage their account anywhere in the world.",negative,-0.0111111111111111,User Interface & Experience
83,"The inconvenience of this app is that it requires developer options to be turned off. This hinders my ability to customize my phone as some of the customization can only be done in the developer options. Also, it didn't have this requirement before, so why now? And please return it how it was because this should not be an issue. Also, when a transaction is completed before it used to allow me to save the image of the completed transaction, now it doesn't, so please fix that also.",neutral,0.0,Feature Requests
84,some times it is difficult to get reciepts for the payment made,negative,-0.5,Feature Requests
85,the worst commercial company that fails to do even the most normal things again and and again.,negative,-0.1699999999999999,Feature Requests
86,"I can simply describe this app as ""Making all your work easier"".",neutral,0.0,Customer Support
87,"In the updated version of the app, it takes more time to download the receipt.",positive,0.5,Feature Requests
88,In the lasted update you removed the capability to screenshot transactions.,neutral,0.0,User Interface & Experience
89,"very good, but sometimes NUR CBE comes without my consent. even if I choose locked, it appears",positive,0.91,Transaction Performance
90,the app is recently crushing each time you open and try to make transfers...it used to be good. take lessons from the Dashen Super app or ethiotelecom. it is not befitting of your experience and glory. inv3st in making it more friendly and convenient. I am considering leaving CBE for good.,positive,0.4297619047619048,Transaction Performance
91,"Sometimes it brings a contradicting notifications. First I saw an internet poll form. After I filled it, another message comes that advises users not fill any forms sent or bank did not send such documents. Sometimes the app gets stack without any prior notices. It happened quite numerical times with me. Otherwise great app. I think a followup maintenance and improvements needed",positive,0.29,User Interface & Experience
92,"It used to work properly, but not anymore. I used to use the app from abroad; but these days, it kept saying ""unable to connect"" when I tried to check my balance and do transactions.",negative,-0.25,Customer Support
93,"Before the new version, the app was fast and merits 4 ⭐. However, following the upgrade, the app is slow and takes time to reload. Apps are useless without speed, so make them work.",negative,-0.0927272727272727,Feature Requests
94,Recent transactions doesn't load properly sometimes . And also when transferring to someone sometimes it says failed and but already transferred which might cause to double transfer,negative,-0.125,User Interface & Experience
95,"Why force-disable Developer Options in the latest update? I get that it's a security precaution, but it's overkill. Plenty of other financial apps do not require it and it's sometimes necessary for debugging/experimental reasons",positive,0.09375,Feature Requests
96,I don't understand the reason why this app asks me to turn off my developer options whenever I try to log into the app 🙄 This issue immediately needs to be fixed. Why would I sacrifice my phone's performance to use only this app? It's ridiculous 😒,negative,-0.0777777777777777,Feature Requests
97,The apk doesn't work when the phones developer option is turned on. It always asks me to turn off the developer options to open the apk. Please fix it as it is unnecessary.,negative,-0.2,Feature Requests
98,"The not allowing the app while ""developer options"" is on needs to be fixed! Why the hell is an app telling me what to do with my own OS??? This is an unnecessary fix that needs to be fixed!!!",positive,0.130078125,Feature Requests
99,Worst update ever. It asked to disable the developer's option which they don't have any authority over. Most useless update ever. I wish I could give it a 0 star if it was possible. Why do you care about my phone's settings? Stupid developers. Should Switch to other banks.,negative,-0.3208333333333333,Feature Requests
100,The app is crashing several times it's really annoying and sometimes it's says failed during different operations ?????? Please fix it!?,negative,-0.325,Account Access Issues
101,"It's very good app for transactions, to give you 5star one more thing you need to do is include bank statement showing methods. And one more thing after you take your commission why you take 5birr monthly without my confirmation?",positive,0.6366666666666666,User Interface & Experience
102,It used to be better in the previous. But after the recent update it keeps crashing as soon as it logs in.. it needs to be fixed.,positive,0.1083333333333333,Account Access Issues
103,The new update is seems force enable developer options on setting. And please fix the problem on iphones it only works for few days every time it get maintained at branches,negative,-0.0212121212121212,Customer Support
104,It have a bug it keeps shut down when I open the app. Without any notification. Please fix the bug.,negative,-0.0777777777777777,Feature Requests
105,"The banks logo, the hidden accounts data are not seen. It is saying it saying unconnected and hence does not sync.",negative,-0.1666666666666666,User Interface & Experience
106,"Very bad, can't even load they need to improve their services.",negative,-0.9099999999999998,Feature Requests
107,"This application fast, secure and more convenient. Thanks CBE",positive,0.325,Feature Requests
108,"In my view, I can't give any conclusion because it's the starting of an online banking in my country. However, the commercial bank of ethiopia must rebuild this app and also need to make more access to changing the system. Keep continuing ethiopia 🇪🇹 🇪🇹🇪🇹🇪🇹",positive,0.1666666666666666,Feature Requests
109,in this update why screenshoot is disabled now it's not working,negative,-0.2,Customer Support
110,This app don't have self activation only you have to look near cbe branch that's disgusting,negative,-0.3,Feature Requests
111,"This application is really bad. It is slow and doesn't work properly. It doesn't show recent activities. Using this app I transfered money to a friend and after showing deduction on my account, the money didn't reach the other end,the activity is not reflected on my recent transactions either. The worst app ever. It doesn't work outside of Ethiopia.",negative,-0.265625,User Interface & Experience
112,"It is a nice app compared to the previous one. I appreciate you have included local language but the details in the Amharic section will return to English mode, please fix that problem plus additional local language will increase its usability. Also it would be nice if the terms and conditions agreements, security tips, charge and transfer limits.... are included in the app.",positive,0.1722222222222222,Feature Requests
113,it's a very good application but sometimes it takes a long time to synchronize,positive,0.4299999999999999,Feature Requests
114,"The 'unsubscribe' button in the CBE Android app is misplaced. It should be at the middle of the menu or somewhere else rather than at the end. The end is usually for a 'log out"" and I inadvertently touched ''unsubscribe"" many times. This could lead to customers accidentally unsubscribing from the service.",positive,0.0124999999999999,Feature Requests
115,Very good app. but disappointed by general cessation of system.,positive,0.0699999999999999,Transaction Performance
116,It sends unwanted welcome notification every time you login. There is no way that you can disable this.,positive,0.8,Feature Requests
117,"The app is unresponsive the time when the fragments are attached. It is just like shivering. Still, I can't download the transaction history instead it just toasted me can't save. Please consider all this things. But I would recommed you to use a tab layout. This is because, consider I am using latest Samsung 🤔 device, how do you think that your app is running on other damn devices like techno and itel ? It is horrible.",negative,-0.2083333333333333,Feature Requests
118,The upgread is perfect and loved the new system could be accessed from any branch if u face problem in the application. The other thing if possible to add would be to expand the number of transaction be looked for all transaction back to a month period at list this will help review most transactions if there needs any review. The only problem I saw is that once a phone number is attached to another bank account # you need to provide another phone number to get the service. The rest is excellent,positive,0.3568181818181818,User Interface & Experience
119,1.we can't get mobile Token on CBE App or any other online. This is need to improve 2.internet banking is always say authenticate error after some weeks this is need to improve.,negative,-0.125,Feature Requests
120,"I'm blind. I have been using this service since 2008 EC. More or less both versions are accessible to our screen reader, talkback. However, after updating the app, its account tab couldn't display second account which is connected via CBE account. Secondly after transfering money, it shows save and share options but doesn't work.",positive,0.0347222222222222,User Interface & Experience
121,It is good for many aspect. If I can get transactions report with time duration(periodically),positive,0.6,Transaction Performance
122,it is good app but when I make inter bank transaction It can't display The receiver account number and name of receiver and also receiver bank,positive,0.7,User Interface & Experience
123,The app keeps on crushing & I can't log in or access my account. Went to the bank for trouble shooting. The customer service was very poor and I told to reinstall the app and enter new activation key. I did and after starting to work for few hours again the prob is there and the app is still crushing and not working. Such poor service is unexpected from a big statd owned bank. You should fix the problem ASAP.,negative,-0.0236363636363636,Customer Support
124,"Poor application. Let me list down if you could update the main features. It say error while the money has already sent. We can't get the transaction record (it has limited date) or somtimes the listed record transactions and the details are not the same while we enter to see further details. So if you can, try to see telebirr application and how much simple it is then try to update frequently.",negative,-0.0450396825396825,User Interface & Experience
125,"Nice ui, but it fails to update info constantly after the recent update. The transition is not smooth, with 120hz refresh rate its not smooth seems like very old. Need to add more security, whenever someone exits the app and returns from recent tab it just opens, it should have asked to insert pin everytime someone returns back. Fix these things",positive,0.0329999999999999,Feature Requests
126,"It crashes a lot; it doesn't work at all sometimes. By far, it is the worst mobile banking app I have ever used.",negative,-0.45,Account Access Issues
127,"It's a problem solver application, go ahead CBE, I love so much.",positive,0.35,Feature Requests
128,"The Most worrying thing of this Application is, while you confirm Transfer and hit ok, it prompted ""Connection error"" but actually if you see your balance the transfer was already done. This is serious bugg which you need to update and make security amendment's. I personally send twice one day , if the reciepent wasn't kind enough, imagine what will happen. Serious problem which needs Attention.",positive,0.1166666666666666,User Interface & Experience
129,"The worst update seen in the bank industry for mobile banking. If you're unable to make it smooth and reliable at the same time , return it to previous version. It shows that you don't have the best expertise like other banks in the country.",negative,-0.0559523809523809,Feature Requests
130,its good but add more features such like. bank statement showing,positive,0.3999999999999999,User Interface & Experience
131,Great experience so far but why this app ain't working while developer mode is on?,positive,0.45,Customer Support
132,"""This mobile banking app is fast and user-friendly, but the only issue I encountered is that I can't access my bank statement within the app. I kindly request that this feature be added, similar to what is offered by other private bank mobile banking apps.",positive,0.1125,Feature Requests
133,"It's very extraordinary app, the user interface is soo awesome, most importantly it's very user friendly. In terms of speed and services its unbelievably fast and flexible. I really appreciate the crews who've been working behind the scene to make this wonderful job alive. Well done !",positive,0.3633333333333334,Feature Requests
134,"I have bad experience since I started using this app. I get ""none available "" error message while there is good internet connection. And I went to my branch two times to activate the app. There should be some way to activate without physically going to the branch. Anyway, it should be improved much from what it is now!!!",positive,0.158125,Feature Requests
135,Good apps ...But fix the screenshot its not easy like before ......,positive,0.2416666666666666,Feature Requests
136,"I have been using this wonderful app. It is easy to use and user-friendly and perfect user experience app. I just have one suggestion, if you cloud add more info like who(person or company) deposited, and deposit discrimination if any in the recent transaction section of the app. The rest is perfect.",positive,0.6555555555555556,Feature Requests
137,without any reason it shows white screen and can't make transfers. Then when I went to branch then they reply go to the branch where you open your account.,neutral,0.0,User Interface & Experience
138,"Great app, but try to include an access to water bill payment for places other than Adis Ababa & try top the app not to be inactive while developer option setting in Samsung phones is activated",positive,0.3916666666666666,Feature Requests
139,"This app is the best, easy and more clear to use including its features to understand so i liked it 100% because the app made the life of customers easy. Thanks cbe and the app.",positive,0.4666666666666667,Feature Requests
140,it is good but it doesn't allow screen shot,positive,0.7,Transaction Performance
141,App keeps on crashing after the latest update. Failures are frequent.,positive,0.3,Account Access Issues
142,"After a recent update, this app stopped working with a message "" the developer turned off advanced ... etc.",positive,0.2,Customer Support
143,"Best Mobile-Banking app! Moreover, I will rate 5 stars as soon as you add ""account statement display"" menu in it. Hopefully waiting, Thank you in advance!",positive,1.0,Feature Requests
144,"This App Is Best and Fantastic Because easy to use, It has Best security Specially Two Specific Authentication so this security is not path unauthorized person to Our account History. Thankyou CBE For We give this service",positive,0.5317460317460317,Transaction Performance
145,"It's easy to use, but there is some problems sometimes when update the app in the network areas...",positive,0.4333333333333333,Feature Requests
146,Now it's crashing like crazy. It doesn't even open after a recent update.,negative,-0.1999999999999999,Account Access Issues
147,My device install up updated all data access all function but can't support transaction i. e first login password works but can't conformation last transaction password,positive,0.125,User Interface & Experience
148,Weak update ! . b/c it stops when I want to set two step verification on. And it is only applicable if developer options are on. Why ??? Please tell me the reason 🙏,negative,-0.234375,Feature Requests
149,"It only works at the first glance(only after installation and configuration). After that all the transfer options, utilities, top up doesn't work. It just say doesn't sync. Even the balance bord keeps loading and doesn't show the current balance.... Very poor experience ☹️😥.",positive,0.046,Customer Support
150,"I have been using CBE App for long, but recently it has started crashing repeatedly and even my phone is reporting that the app has bugs and tells me to wait the developer to fix these bugs.",negative,-0.025,Account Access Issues
151,"Alert The device developer Mode is turned on. You can't use this app, Please turn off Developer Mode and try again. OK Why reason?",positive,0.5,Feature Requests
152,"I love it so much for its nice user interface and massive improvement. One much important thing it lacks is that, it synchronizes #ONLY-ONE account per app. For this reason, people (customers) who had >/= 2 accounts for different reasons, are obliged to visit the local CBE branch, which is unadvisable especially during COVID-19 era. I hope you will do your best on it.",positive,0.3,User Interface & Experience
153,"Its hard to trust this application coz while transfering money it transfers two times to the same account after only one transfer click and sometimes it says error but it actualy have transfered the money, so i only use it if it is mandatory unless its better to go to the bank, so it still doesn't solve the problem not to go to the bank, i am sure it have some systematic errors",positive,0.1180555555555555,User Interface & Experience
154,"Broadly speaking, it is good app. But recently I have noticed a problem when trying to see the recent transactions it becomes very slow and sluggish even closes and also have seen this on my friends' phone. So, this should be corrected asap and speed should be core feature",positive,0.0744999999999999,User Interface & Experience
155,"Please kindly ask to update the app and allow us to screenshot, it's convenient and efficient as long as you add security to the access there is no reason to block us from screenshooting our screen.",positive,0.2749999999999999,Feature Requests
156,"Its nice user interface...I hope you fix synchronisation fail problems that is common in before apk. In before apk if you are in middle of try to send the money and unfortunately internet is disconnected or someone is call you , the application say to you synchronisation is fail ..try to restart my phone or off and on internet the application never work again.. I call 951 but never get any support .",negative,-0.1999999999999999,User Interface & Experience
157,"It is a very basic app. Banks nowadays offer many services through their app. I suggest you add the abilty to get statements, the ability to freeze the card if stolen or when traveling. The abilty to use the card while traveling. I have noticed that if Ieave Ethiopia it is not possible to pay my bills back home. So in general the app is very helpful and eased the burden of carrying money arroubd in Ethiopia, please improve it further.",positive,0.1071428571428571,Feature Requests
158,When I started using the app for the first time I like it. But through time it started annoying me😠 Because it doesn't update the transaction history immediately. I remember one day I transferred 17000 to another account but I can't took screenshots of transportation history. It says repository........! It needs urgent system maintenance ‼️,negative,-0.375,User Interface & Experience
159,It works very well. I have two issues though 1/ it is not possible to transfer accounts in other Banks. 2/ the exoress money sending function dies not work as neither the recipient nor the sender get the secret number but the money will alrwady be sent. I had to go throgh a very lengthy process to get the money back with the transfer fee already deducted. In the end I lost three days plus the transfer fee for teying to send money fast. Other than these issues it does the rest of the job well.,negative,-0.0062499999999999,User Interface & Experience
160,"For starters,the app is by far better than the previous one.It has better graphics,fast synchronization and it's easy to use.But what I don't understand is that first why is it so difficult for you guys to add a ""forgot pin"" link in the login page? Why is it every time a user forgots his/her pin,they had to go to their branch? it's very frustrating and not expected from a banking app of such a giant bank.Secondly,the ""Accounts"" and ""Recents"" sub menus at the bottom have exactly the same features",positive,0.0689743589743589,Feature Requests
161,"This is the worst App I ever seen. Every time CBE does small patches or updates, the app doesn't work and you have to go to your branch in person to get the update and verification on your phone. It is totally unacceptable. I am living abroad and because of their problems I can't make payments and transfers. I send my representative(""ተወካይ"") to Addis Ababa Branch with his full-representation paper (""ሙሉ ውክልና"") but the staff working at mobile banking services is not willing to fix the problem.",negative,-0.34375,Customer Support
162,I appreciated by this app. But it can't send money to inactive account and pending authorization account. Please develop more. I have long experience( more than 3 years) with former version and ussd *889#. This latter version is better than both. Keep it up!thank you. is there any payment for using cbe mobile bank? Please explain,positive,0.2357142857142857,User Interface & Experience
163,"Best and easy app for use than any other local bank's mobile banking system. But the system doesn't show recent transaction some times, though the transaction has done. Better to do on this and other upgrading facilities.",positive,0.2404761904761904,User Interface & Experience
164,"The app is not friendly usable . For example, it asks you verification key as soon as you download it. There is no description where or how to get verification key. This is crazy. I never seen any app ask you verification key at the start . confusing app. No more try waste of time.",negative,-0.1921874999999999,Feature Requests
165,Its good. But recently i have been having some problems. The app is transferring my money for a second time after i do. It shows the first transfer has failed and i usually do it again. Then after it shows that i have made two transfers. Could you fix this. Thank you,positive,0.0333333333333333,User Interface & Experience
166,"Recent update is very good. User interface has been redesigned and it's really awesome. Only downside is that you can't see all of recent transactions, it is limited to some and there is no way to see older transactions. Apart from that CBE has done a good job in revitalizing the old app.",positive,0.3116931216931217,User Interface & Experience
167,"It's good app, it is simple to use. It would be better if there was more recent records on the ""recents"" toolbar. It is only about 17 deposit and withdrawal recent records displayed to the user while others are deleted automatically.",positive,0.2428571428571428,Feature Requests
168,"The app is great and easy to use. My issue is that, it some times show error message indicating failed transfer transaction, but when I check my balance later it actually made the transaction. This incident happened to me twice.",positive,0.1466666666666666,User Interface & Experience
169,"The old version stopped working for me and whenever that happens I had to go to my CBE branch and ask for help to get it reinstalled. I just updated it, and it worked like a charm with an elegant UI and very stable services.",positive,0.2666666666666666,Customer Support
170,"The app was updated 7 days ago. Since then it doesn't show the balance and seems like it is trying to update but the update never show a result even if after the green indicator shows sync finished and all the links for the different transaction say ""none available"".",positive,0.0666666666666666,User Interface & Experience
171,"It is good app and really user friendly , but it not possible to start service after the app is uninstalled or device phone is changed. So please make it easy for us, after once you set us the requirements in your office we should have to use it only by install and launch it. We do not have to visit the near by branch office every time for such silly businesses but important things.",positive,0.1708333333333333,Feature Requests
172,"I used it for the past 2 years. I live outside of Ethiopia, so it was very convenient to deposit or transfer money to and from my account. However, recently i kept getting ""None available"" message and not even able to see my balance or pull out people previous account information. So i uninstall and installed it, now it is asking me a key code whice you normally get it from ur bank. As i said,I live outside of Ethio, so unable to use this app anymore.",positive,0.0466200466200466,User Interface & Experience
173,"The application is good but sometimes it doesn't respond my issues ie: Transfer,. In addition to this the application don't show my balance instade it only shows transaction history. If possible it's better if z app were able to show z exact balance sheet and fix a problem of not responding, if so I will rate z app ***** by adding z remaining 2 ** 10 Q.",positive,0.325,User Interface & Experience
174,"Currently the app is not working becuase I think they forgot to update it. It always shows'sync failed''. And there is no customer service online. People living abroad are having problems. It is a big shame. It is very annoying and not user friendly, People are using CBE just becuase salary is transferd there. The app is a total failur.",negative,-0.1875,Feature Requests
175,"The app is always buggy, you've to fix: 1. Transfer history. 2. The double(duplicate) transfer issue which everyone faces, were it gives our error and I've to transfer for a second time thinking it didn't work and both transferred transfers go through.",neutral,0.0,User Interface & Experience
176,"It is a great app so far specially the speed is good. But it is important to know who send you money, so you should also show the sender's name if the receiver is in the sender's beneficiary list, because it shows the nick name of the receiver not the sender's name. Thank you.",positive,0.4714285714285714,User Interface & Experience
177,We'll designed user interface and easy to use app. Well done CBE. The last version was just boring and unattractive. This version looks so good that I'm seeing people logging in just to enjoy the view. Keep it up.,positive,0.1066666666666666,Feature Requests
178,"Really I troubled to use this application since last week, I've been using it more than 2 years. I don't know what's wrong with it now. It can't synchronize, even can't see any update in my account. I tried to repair and manage in setting, but not possible. Also you don't have any means of online communication/ chat. Could you please tell me what to do?",negative,-0.1,User Interface & Experience
179,Sometimes I make transactions twice because of repository failed issue Its annoying The app gets too busy it may also be closed when the recent option is clicked. After making a transaction there is a download option but it says can't save the image. Other than this issues the app is user friendly,negative,-0.15,User Interface & Experience
180,Th app is great. But you can't make the same amount of payment with the same reason more that once. It will show an error but sometimes it transfer with the error. It should be fixed on the next update.,positive,0.2333333333333333,User Interface & Experience
181,"1- Always mixes up sequence of transaction history and also takea very long to update those 2- doesnt generate the reciept page when you transfer to other banks, mostly displays an error image. 3- struggles to work in places with 2G connection. Generally its a good app since the USSD is a nightmare we will be ok with this.",positive,0.26,User Interface & Experience
182,Good app but it fail to send on time the commission money is unnecessary and also their are some bug like recent transaction page don't show the recent one ...... Try to improve it's back system as a bank system people want it in different situations so it has to work every time as could as possible if you don't get it when you want why we use mobile banking not branch service as I conclusion personally I like the bank because it is CBE but not their digital banking system Thanks,negative,-5.0464682937507125e-18,User Interface & Experience
183,"Why doesn't it show your previous bank balances alongside the transactions! It should show previous balances too! Only shows recent transaction, it must show old transactions as well! It would be great if you could print your bank statement from the app",positive,0.0847222222222222,User Interface & Experience
184,Make it available to all smart phone. It selects some phone to be down load from play store. It also better to be transfer through xenders . Better from previous one but need some support to be available to all smart phone.,positive,0.2382936507936508,Feature Requests
185,"Although it is a great, quick, and simple tool to use for a variety of financial transaction purposes, an upgrade of biometrics and a six-digit pin code option should be introduced for increased security. More importantly, it would be great if it could provide an online cash receipt voucher for printout.",positive,0.4047619047619047,Feature Requests
186,"The app doesn't have more option. I expected more and convinient features than other local banks mobile app however i found it poor. Pls add option where clients can check statment back dated, ....etc u need to advace the security like disabling screen shots from mobile device. I recommend you to bench mark Wells Fargo app.",positive,0.0535714285714285,Feature Requests
187,Easy to use and a lot of functionalities! Keep your eyes on two things: 1. The transactions shown in the Recent section are messed up (every time I refresh it it shows different output of order and messed transaction list) 2. What if we can transfer to other Telebirr number Finally the transaction fee for transfers made other than CBE acc is expensive.,negative,-0.0297619047619047,User Interface & Experience
188,I tried to transfer a payment to my friend. The app did not show me any confirmation of a payment I belived as the payment was not sent to my friend so I tried many times. At the end I have found out that my account was out of balance. Its A Crazy And Unreliable App.,negative,-0.0499999999999999,User Interface & Experience
189,"You guys really need to improve the app. I know there are lots of users, more than any other bank. But still look at telebirr. There is an issue of receiving text when money is deposited. Buying airline ticket is a Hussle. The app in its current state doesn't represent the giant CBE!!",positive,0.1149999999999999,User Interface & Experience
190,"I feel good, it is time and energy saving and also the first platform to digitalization of the financial issue. I want to remanid the developers to make more accessible and add more feature to it!",positive,0.4083333333333334,Feature Requests
191,"I love this app, it is easy to use and makes my life easier. Sometimes it says time out but sends money and sends agin. To send for other banks it is almost difficult and for other telbirr customers not totally possible yet. If these issues solved, the app is supper 5 star.",positive,0.0305555555555555,User Interface & Experience
192,"CBE, please fix this app or you'll be left behind. Considering this was one of the first banking apps in Ethiopia, most bugs should have been fixed by now. But bugs still abound. It worked from outside Ethiopia but not for long. I haven't been able to use it (from outside Ethiopia) for the past 4 weeks. No updates visible. Nothing against the country that I dearly love. But this app is the one-eyed version as far as banking apps go. You know... a one-eyed man is a king...",positive,0.1041666666666666,Feature Requests
193,"I've been using this app for quite some time now and recently I've been seeing some unusual bugs, like saying error repository report, not syncing when I transfer to another account but then when I try it again, sent complete but has sent to that account twice... deducted twice...this needs to fixed ASAP...",positive,0.1,User Interface & Experience
194,"I’ve noticed two key issues with your app: 1. Username Visibility: The app doesn’t display the username, making verification difficult. Please add this feature. 2. Transaction History: Transaction history gets deleted if the app is reinstalled. This data should remain accessible unless manually deleted by the user. A ""Load More"" option for older transactions would also be helpful. These issues have caused inconvenience. Fixing them would greatly improve the user experience. Thank you.",positive,0.2236111111111111,User Interface & Experience
195,"The CBE Mobile Banking App has truly exceeded my expectations. It offers a seamless and reliable banking experience right at my fingertips. From checking my account balance to transferring funds, the app performs flawlessly every time. It's impressive.",positive,0.4971428571428571,User Interface & Experience
196,"Nothing is working after the last update. Please fix it. With the previous version, when transfering money, it shows error message while the transfer is already made. It is causing unnecessary double transfers.",negative,-0.1416666666666666,User Interface & Experience
197,"1. Withdrawal messages are not received regularly 2. Apps need to be more friendly use in terms of operation, 3. Apps lack some advanced security features, Additional comment: 4. Now that we are using modern technology, requirements for Bank Book should fade away with time. Some Branch offices do not entertain customers w/out Bank Book. Thanks and best regards",positive,0.3821428571428571,Feature Requests
198,I have been using the previous version of this app. My android version is 6.0 but unfortunately this new update support android 7.0 or higher. I don't know why you choose to do that. Most famous app here in google play are still support devices starting from version 4.0. considering most of the users to be from Ethiopia I don't think you will target almost all of the customers with the current lowest version support. Please address this issues we are facing.,positive,0.1355218855218855,Feature Requests
199,"This ought to be a major update in a while. The graphical user interface has been well improved. However, a very important feature that used to exist in the old versions, which used to allow the user to transfer money within his own accounts in the CBE at ease has to be reinstated back.",positive,0.2565,User Interface & Experience
200,"Since I started using this app it. Really helped me a lot. The CBE started some years ago and it is good progress, other foreign banks has money years experience and and the technology is theirs. Yes some inconvenience can occur the bank have to simplify it fast. Keep on going!!!",positive,0.2081249999999999,User Interface & Experience
201,"What a trash app! Trash! Trash! Trash! Whenever you want to use the app after once you uninstall it, or receive it from someone else, it will ask you for a new verification. Again, after you clear the cache and data, you will be required to ask a verification code from the nearby bank physically too! What a shame! Never use this app! Your account pass code is unsecure in this app. STOP using this app! I Do!",positive,0.0787878787878787,Feature Requests
202,"It cannot start. The old version was working perfectly. I am currently out of Ethiopia and cannot go to the bank to see what is the problem. Now I have no access to my account and with coronavirus travel restrictions, cannot go back to Ethiopia either. Is it possible to get an authorization key so that user can remotely reinstall/register the app?",neutral,0.0,User Interface & Experience
203,"With your new CBE mobile app version, it is gonna be alright and much interactice I hope. However, using it in weaker internet connection is often tiring... 4 issues... 1. One thing, please allow the use to subscribe or unsubscribe from the service without the subscriber requiring him to come to your office in person.... 2. You may also introduce two-factor authorization, like if someone even has got your pin, 3. Consider includng water billing and 4.update your apps often work on improvements",positive,0.1681818181818181,Feature Requests
204,"1.Very unstable, continuously crashes. 2.There is an incredible amount of balance and transaction synchronization errors. 3.Have tries to make a transfer of 60k since yesterday still not able to due to errors popups with no message to explain error. For a bank, that is quite embarrassing and dangerous.",negative,-0.0349999999999999,User Interface & Experience
205,"I updated to the new version a while ago and it keeps crashing, maybe you can fix it.",positive,0.1363636363636363,Account Access Issues
206,It is a a much better App than other Private Banks. But you have to include the following options; 1. The Bank Statement should be Unlimited. It should allow to see all Transactions by Tracing Back. No Need to Limit it with only one Page Transaction (May be 10Page). 2. You have to Work on transferring Money to other Banks too. You can ask additional payment for it. But the Service will be Essential for Us.,positive,0.03125,User Interface & Experience
207,fast and simple easy to use 👌,positive,0.2111111111111111,Feature Requests
208,"I have not seen anything like it in the Ethiopian banking industry. It is very easy to use, fast, and offers a wide range of services. However, I would like to suggest a future modification: currently, the app only displays transactions for one month. It would be beneficial if it could show transactions for more than one month, including yearly transactions. Please consider this request. Thank you, Commercial Bank of Ethiopia, for this innovative app.",positive,0.1763333333333333,User Interface & Experience
209,"This has so many bugs and doesn't update transaction logs in time, to make it worse it shows error message when you send money but deducts from account at same time but never lets you know that the transaction was successful. And it has very annoying greeting notification.",negative,-0.03,User Interface & Experience
210,We're going to stop using not only this apk additional to stop all CBE services. bcz of when to use the apk it doesn't work properly/ doesn't sync /.... + started from last 2 months they're cut 5 birr without our permission for commission. + Cut 10 birr from us when transfer to telebirr... Uuuu CBE'jobs,neutral,0.0,User Interface & Experience
211,"I have been using this app fair smoothly till the last update few days back and now it is a disaster as it repetitively says 'unable to sinc ' and when I uninstalled it and tried to re-install with proper procedure guided from my CBE branch, it again and again fails to accept verification code ...it is quite a disappointment !",negative,-0.1099999999999999,Feature Requests
212,I have been using this app for the past 2 years and I never had faced this kind of problem The problem is when you want to transfer it always says error or account pending then you think it didn't work unfortunately when you check your balance again it's already deducted,negative,-0.05,User Interface & Experience
213,"It's full of crashing features, can't sync real time need 3,4 touching doesn't work many times. In fact it's not working now I'm afraid if I uninstalled it I will be forced to go to the branch to activate it again so here I'm stuck with the app unable to access my money",positive,0.0214285714285714,Customer Support
214,Poor application most times it says error while sending then it actually sent money so u have to double check if its an error or it sent cash. recent transaction don't update as fast sometimes it even misplaces date and bring forth a transaction done a day or 2 back at the top.the only thing remotely good is the UI interface,positive,0.1111111111111111,User Interface & Experience
215,"This app is not set up for diaspora users. It works fine until you needed a new verification code, or you change your cell phone and try to use the app on the new phone. You will not be able to get the verification key that it is asking for just for changing your phone. It requires you to go the nearest branch to get the verification key. For me this will be travelling to Ethiopia from USA just to get this code. Even my sister - a joint aact holder & has my Power of Attorney, could not help me.",positive,0.1982323232323232,Feature Requests
216,"I am extremely disappointed with this App. Every time I try to change my PIN, I receive an error message saying ""unable to connect to server."" Additionally, my transaction processes always fail. As a well-known company, I expected better service from CBE.",negative,-0.27,User Interface & Experience
217,"Dear all, if you're an iOS user then the new update doesn't work at all. Those of you who use the Android App and you've been having troubles your user credentials have expired that's why it doesn't even load your balance, so you need to go to your branch and have them fix that!",positive,0.1704545454545454,Feature Requests
218,"App needs lots of updates to accomodate more demographic for Ethiopians leaving overseas. - Ability to use user name and password to use the application. People leaving over seas if they lose their phone, they can't have access to the application again unless u got to Ethiopia and activated it on the new phone! That's rediocoulus. - This application seems like it's a transfer application, not a bank application. I should be able to do more things such as viewing bank statements and more....",positive,0.3617424242424242,Feature Requests
219,The fast and easy to use app there is nothing to deny aboutt that... but it has a serious issue on showing transaction history like if i send or receive money i ll find the transaction history after a day. When the sms message is not working at some days the issue get worse like we dont have an idea how much money we have received. I dont this this issue is hard to fix for you hope you will fix it on the next update....the app deserve 4stars tbh but i just want you to see this seriously thankyou,negative,-0.065625,User Interface & Experience
220,"My internate banking is not allowing me to transfer to another bank. While having this app, the application asks me to contact a nearby nmbranch. Don't save your money trysting this application. It is so bad! It doesn't even have help icon included. I dislike this up.",negative,-0.8749999999999998,User Interface & Experience
221,"Good mobile banking application except some bugs. For instance, when I transfer money from account to account, an error message called 'already existed account' appears. But the money was transferred without any confirmation message. If I was not aware of that, I tried multiple times and sent the money multiple times too.",positive,0.14375,User Interface & Experience
222,"I used this app for a long time , and i like it, its user friendly, not complicated at all, and more over it makes life easier for real. But the now after some times, this app is working better only on wifi, .. its veary hard to use it with mobile data, so please do something",positive,0.1854166666666666,Feature Requests
223,"This one is better than the previous versions. But am unable to send to benficiaries, it was working on the previous versions. While working on the other features please work on this failure too. Thank u!",negative,-0.142361111111111,Customer Support
224,"I would have given the app 5 stars if the download or share function of the last transaction confirmation is working. I wonder why you desabled it as I repeatedly obliged to screenshot the confirmation. If I were you, enable is as even pdf file to print and file. I hope you will correct by updating it.",neutral,0.0,Customer Support
225,Can't use this app after unsubscibing previous phone holders account and reinstalling. While I enter pin and activation code it says failed to authenticate and finally blocks the pin after 3 trials. I have been retried more than 3 times and finally gets stuck. Pls help.,negative,-0.0333333333333333,Feature Requests
226,"The app is good. However, whenever you changed your phone it requires authorization ID, approaching a branch is mandatory. The password reset option should be available to the user by adding other security details like user name, biometrics, account number, etc.",positive,0.24375,Feature Requests
227,"The app got dumber in the last update. Poorly organized, redundant item across different categories. I wrote this review with my phone barred from calls because I couldn't settle my bill from your old ""utilities"" or the newly added ""utility"" tab.",negative,-0.0606060606060606,Feature Requests
228,"The old one was very bad and clumsy. every time I tried to login there was a problem with synchronization, because of that I was close to clear my account from CBE and open a new one in privet bank, as they cares about their customers. In other hand the new one is perfect and shows a little bit reformation in the Headquarter and this makes us to trust this bank again.",negative,-0.0049772727272727,User Interface & Experience
229,easy to use and user friendly,positive,0.4041666666666667,Feature Requests
230,"As a financial app, the app should be more sensetive for any action. When i do some transaction, it shows error message. But the transaction already done at the back. If you see error messages, it may not be error. Automatically stop doing any action see your balance and wait for your sms.",positive,0.1399999999999999,User Interface & Experience
231,"Won't update my account balance, severely out of sync. When I checked at the ATM it was a completely different number. General cbe problem, but the transactions take 10 days to post from a POS transaction. Makes t extremely difficult to use.",negative,-0.15,User Interface & Experience
232,It is a very good application. It works better than any other applications i came across. I have seen much progress since the first time i started using it. Still it needs some improvement with connectivity issues.,positive,0.347,Feature Requests
233,"the App is one of the BEST things to have in Ethiopia but one of major problems is shows incorrect statements and incorrect available balance, merchants and supermarkets doesn't deduct right away 😑 deductible may come after weeks or month, once u already forgot about it and so many things to work on. please take it seriously Thanks 😊",positive,0.4080357142857143,Feature Requests
234,"I am so disappointed because the application doesn't clearly show how many birr it will charge for every transaction rather than just deducted the money , as a user we should have the right to know the amount of money that is going to be deducted. It is a very deceptive tactic , it should be improved immediately.",positive,0.0671428571428571,User Interface & Experience
235,"It's a beautiful app. But especially when transferring from one account to another, if a receipt is prepared stating the name of the sender and the name of the recipient and the amount of the money. Also, if people make a mistake when making a transfer, it would be nice to have a system where the mistake can be reversed.",positive,0.4833333333333333,User Interface & Experience
236,"The app doesn't have 1. mini statement service In my opinion, I don't have to go to cbe branch to get mini statements and transactions I have done and pay for it.why? 2. Recent transaction The app doesn't store numerous or enough recent transactions, even it doesn't store what stored properly sometimes.",neutral,0.0,User Interface & Experience
237,because sometimes it doesn't working it load too much,positive,0.2,Customer Support
238,It's good but try to make it facilitate for your client,positive,0.7,Transaction Performance
239,"I have one complain, why it require verification code every time when i change my phone or reinstalled the app, as you know that code i can get it only from the branch. I know that it demanded for security reason but this method could be changed by otp sms text then i enter my own PIN and log in. couldn't you send us otp (One time password)? For instance like Dashen Bank. i waste my time and money to get verification code. You seriously think about it.",positive,0.0166666666666666,Feature Requests
240,"In the beginning, the ability to capture the history was small, now it's a great job to capture all the transactions and the user can see them, another problem is that if a transaction or transfer is made, the number of the receipt will not be downloaded when saving to avoid it, unless a screenshot is taken, it would be better if you fix this.",positive,0.35,User Interface & Experience
241,Amazing applicatiom sometimes doesnt work!,positive,0.7500000000000001,Customer Support
242,"I'm actually forced to review this app again, it used to work fine on any network but after the last update it doesn't work on a wifi network, what if i don't have a data on my sim card and i needed an urgent transaction be made, it really makes me angry that you guys would update it to this dictatorship, please fix this",negative,-0.0366666666666666,Customer Support
243,I never want to use this app. I like to type *889#. I just hated to go to the bank to activate the app. It took them 1 minute to do it. Now I just bragging I can recharge my phone with one click. Nice interface keep at it.,negative,-0.15,Feature Requests
244,It functions to the most part until you need it. The most common flaw is when you send money to another bank account. It shows error but the money is actually gone. I paid twice at least 4 times because of this.,positive,0.0799999999999999,User Interface & Experience
245,"It is a very nice and easy app to use. There is only one thing i would like you to add. If you could transfer from your account to another person's telebirr account, it only works to your own phone number",positive,0.3626666666666667,User Interface & Experience
246,"Better than pervious,Nice interface and looking. However , *better to include balance after each withdraw/deposit. *include water services ( You show it in the app but not there) *Make it Printable via bluetooth printer *",positive,0.5,Feature Requests
247,"Terrible! I had to use it to pay for my service at Document Authentication & Registration office. I hit confirm it says try again & I hit confirm again & it ends up sending the money twice. Then I had to write a letter to the office to get my money back & it is been more than 2 weeks but I didn't get my money back yet. I talked the issue to my branch they said you are lucky the issue is with a gov't office, they would do their accounting and return your money, but there is nothing they can do.",negative,-0.0333333333333333,User Interface & Experience
248,"After the update I received today, I have tried to conduct transfer to other CBE accounts and it continously brings error messages saying none available. It is also not allowing me to download the transacation picture as is advertised here. Please do something CBE as this app is continuing to frustrate me again and again.",positive,0.1375,User Interface & Experience
249,"Its amazing app , i like it specifically updated version is to smart . WOW CBE. But users have to Login without of goingto Bank after first registration . In this app If User was change His phone or uninstall app Hi have to go bank to use again, this is not good :: if this problem was fixed This app wasn't Any - comments. This is my feedback Thanks",positive,0.1591836734693877,Feature Requests
250,"grate application, simple and fast. just 2 comments. 1, on recently transaction list please make the very recent first. it lists randomly. 2, put a copy icon next to account number so that we can copy instantly.",negative,-0.0062499999999999,User Interface & Experience
251,It is very comfortable and simple to use!!! But whay standing order is not work?,positive,0.26,Customer Support
252,"Amazing, very friendly and awesome application. Only one drwaback is that you are not willy to make it active after blocking the mobile banking via 951. I am not still using once blocked. You send me to the branch banks but they don't have enough skill to help.",positive,0.3256944444444445,Feature Requests
253,excellent app for account transaction specially for bussiness customers and a good method to pay bills and different personal payment.,positive,0.4114285714285713,User Interface & Experience
254,"It is best application for banking system. Because it's save time, and make easy all things like, paying for other, transferring mobile charging and etc... But it's good if you add mini statement option like tele birr app, it's make full.",positive,0.4716666666666667,Transaction Performance
255,New update version 5.0.9 keeps crashing it needs maintenance,positive,0.1363636363636363,Account Access Issues
256,"Before years later i used this app and is used to work in mobile data eventhough it doesn't have different features like this version but now it doesn't even sync my balance and even can't use any of the services it says "" can't sync "" and "" none available "" 😡🤬😡",positive,0.1333333333333333,Feature Requests
257,"It is a user friendly and helpful app. It has greatly helped my day to day activities. However, it requires improvement on the weekly transaction limitations and it sometimes crashes.",positive,0.5875,Account Access Issues
258,"Very unsafe! The password is stored in the phone, which is very unsafe. And once you entered the password, there is no timeout nor ask for password while making transaction. Therefore, if you have stolen your phone, you may end-up loosing your money",positive,0.225,User Interface & Experience
259,The app protects me from screenshot after update. Please make revision on the app.,neutral,0.0,Feature Requests
260,"""get your verification code from your nearest branch"" ia the first amazing dialogue your face, when you try to setup your CBE App. It is a way back system that requires you to go physically. You should have sent a verification codes either via phone number or email address. You better change this analogue system to the digital one! 😀",positive,0.225,Feature Requests
261,"It worked fine until I have received an SMS with a link to update the app, it directs me to play store having Open and uninstall options which when I choose open kept bringing me back to the interface of the app I already have.",positive,0.1041666666666666,Feature Requests
262,"this app is very useful app,it saves time,and it is secure",positive,0.395,Feature Requests
263,user-friendly apps.because this app is easy.,positive,0.4333333333333333,Feature Requests
264,sync problem may 22 2025 but the date stack on may 8 2025 help pls,neutral,0.0,Feature Requests
265,"It's very bad. It deserves 0 stars. It doesn't show some transactions,it misplace transactions,it misplace dates,it shows nonsense errors and so more. I just rate it to 2 stars for helping me a lot.",negative,-0.2049999999999999,User Interface & Experience
266,Great impact but why Developer option turnoff if you fix 🙏 🙏 🙏,positive,0.8,Feature Requests
267,it is reliable and easy to use.,positive,0.4333333333333333,Feature Requests
268,The fastest transferring app I ever had its so reliable,neutral,0.0,Feature Requests
269,"i can't make Screenshout in this app, please made modification",neutral,0.0,Feature Requests
270,i am very happy . i have small prob. after i transfer i cant put the transfer cashe bil to my dic.,positive,0.375,User Interface & Experience
271,"This app is good and easy to use UI. But, still need some bug fix such as own account transfer and payment to beneficiaries didn't work. Localization also not yet work like date conversion...",positive,0.4333333333333333,Customer Support
272,it's easy and fast,positive,0.3166666666666666,Feature Requests
273,the most annoying mobile banking app I've ever seen,negative,-0.15,Feature Requests
274,I wasn't able to try your app because while opening the app it's says your device is rooted. Even if it's a precaution incase of hacking but my device is not rooted. I even disable OEM unlocking but the error is still there.,positive,0.5,Feature Requests
275,"it,s good app and time manager 👍",positive,0.7,Transaction Performance
276,It is veary useful app but screen shout was impossible .solve this problem,negative,-0.1833333333333333,Feature Requests
277,"1. It is good, flexible, simple and easy. But it can't serve offiline and didn't compliment with the ussd *889# 2. Checking Account balance is off and hidden under transfer.",positive,0.2416666666666666,User Interface & Experience
278,"Can developers present options to see transactions details like locations ( city ) or CBE branches where transactions are initiated or identity who wired transfers rather than simple generic term ""transfer"" ? This option helps to track cash in flows without going to nearby CBE branch to learn details of a transaction. Apart from this, the app is great and make life easy.",positive,0.2466666666666666,User Interface & Experience
279,It's the worst! I just transfer from my cbe account in to my tele birr account for urgent case but unfortunately it holds. And there customer service workers told me it will be returned in to my cbe account after 3 or 5 working days if its not credited in to my telebirr account. How's that working? This bank is a pioneer in from the country. It's really annoying this happens for second time. Please amend your network services. Am totally annoyed by cbe.,negative,-0.5399999999999999,User Interface & Experience
280,Very poor app. I had to make 8 transfers of the same amount as the app did confirm success of the first or second or third etc. transfers. I had to pay etb 13 birr 8 times each for service charge.,positive,0.0049999999999999,User Interface & Experience
281,"I have seen lots of issues on this app one of them is you can't use them in multiple device and you have to go to the place you opened your account in order to get mobile banking even if you change you device you have to go to the branch to activate it, why can't you just make it easy like the others banking system in Ethiopia. You should learn from abbisinia and dashen to be honest",positive,0.3444444444444444,Feature Requests
282,"Great Experience 👍 but there is o e thing that highly bother me *the password to login every time you open the app 😒 it ask you a pin instead what I say you can make it to be a fingerprint, because putting password continously so frustrating and also not secure as somebody can see our pin Thank you 😊",positive,0.072,Feature Requests
283,this app is very useful but sometimes when you want to see specific transactions it didn't work so that way i gave you 3,positive,0.195,Customer Support
284,Nice to see more transactions BUT if u have lots of transaction it lags and becomes slow. May be an option to limit the transaction history to a reasonable amount or by date so it doesnt load all data.,positive,0.25,User Interface & Experience
285,"the app is very good, but why screenshots is impossible?",positive,0.1216666666666666,Transaction Performance
286,best app for this vast digital finanical word,positive,0.3333333333333333,Transaction Performance
287,wonder full and it is easy to use,positive,0.3916666666666666,Feature Requests
288,why did the screen shot stopped ?????,neutral,0.0,Feature Requests
289,"realy I donot seen like this application ! fast ,safe ande confortable",positive,0.35,Feature Requests
290,bring back the screenshot feature.,neutral,0.0,Feature Requests
291,very good app and stars faction with work,positive,0.91,Transaction Performance
292,easy and reliable,positive,0.4333333333333333,Feature Requests
293,You need to copy many things from other bank apps like Amole(Dashen),positive,0.1875,Feature Requests
294,Can't scan/recognize other banks' Interoperable QR Codes,negative,-0.125,Feature Requests
295,"Always says INACTIVE, sometimes doesn't sync, other times says go to the nearest branch and when I go they take forever. How come I am not allowed to see all transactions?Mobile banking is for saving time and efficiency. Non is takingplace. Why should I be forced to use my account everyday? I should be able to use it whenever.",negative,-0.03125,Feature Requests
296,very interesting app i am using every day fantastic,positive,0.525,Feature Requests
297,Screenshot or slip not working,neutral,0.0,Customer Support
298,"I like the app because it is fast for transaction. But still you have to work on it like user full name, bank statement pdf pin at the end of the app. You have to add that features on it. Thank you.",positive,0.275,Feature Requests
299,very busy I don't know why... I prefer 889,positive,0.13,Feature Requests
300,I have been using this app for long period of time & I'm very happy. because I'm also use other banks app and nothing can compare this. I know so many people using this app too & we all happier by using this app especially it gives us very helpful recently data for long period of time which is the money we sent and received with very clear info. And its reduced the time which we spend by printing statement on branches. But on this version this future shortened by limited recently data. Whyyy???,positive,0.127797619047619,Feature Requests
301,how do you disable screenshots on a banking app you are very unserious people,positive,0.2,Feature Requests
302,"Over all Nice app, But I do like to point out a little bit of an issue. The transaction history tab needs a lot of work. It is so sluggish to a point it makes the app crash at times.",positive,0.20625,Account Access Issues
303,"It's a very nice and simple app but, when checking the transaction details, it's not showing who sent/deposited money into my account. Especially when I receive money from organisations.",positive,0.26,User Interface & Experience
304,It's best app but Please add(included) payment of water bill,positive,1.0,Transaction Performance
305,"It's been long time since i stepped on a door of a bank. I send, receive a mony, pay my utilities and do all the finantial stuffs. I loved it!! But I think the security should be more. stronger. Like making the code 6 degits. Thank You!",positive,0.525,Feature Requests
306,It is a great app what i always prefer.but there are some shortcomings like all account wide statements are not seen and the receipt should contain the banks legal stamp after we completw the transactions. Continue.....!,positive,0.3166666666666667,User Interface & Experience
307,- Stop showing toasts on errors. It keeps showing up after app is closed - Show paged transaction history. The latest 10 is not enough. - Network error is happening and it's taking money without filling airtime to my phone ...,positive,0.1333333333333333,User Interface & Experience
308,"I've been using this app for over a year. It's user friendly, but my problem with it is that it only tells me any transaction I've made through this app after a day or two. It doesn't show right away so I need you to fix it ASAP please.",positive,0.2202380952380952,Feature Requests
309,This app is the worst the current release doesn't work when developers mode is on and the transaction errors make you transfer money twice with errors,negative,-0.5,User Interface & Experience
310,The most worst update. It even doesn't let you know ur balance. It doesn't respond quickly.,negative,-0.0555555555555555,Feature Requests
311,"Keep saying ""unable to connect"" after a normal phone update. Please update the app to match latest phone ""updates""",positive,0.05,Feature Requests
312,"After the new update I'm struggling to use this app,it suddenly crush or close automatically pls fix this problem",positive,0.0681818181818181,Feature Requests
313,Convenient and safe to use! Better to show more transaction history 👍,positive,0.5416666666666666,User Interface & Experience
314,It stuck many time i can't transfer my own money the time i need it must be update but if the stucking prevent it is great app,positive,0.6333333333333334,User Interface & Experience
315,"It's a shame,it can't performe well,you guys can't even fix a bug, It's getting unusable, shame shame shame 😡",neutral,0.0,Feature Requests
316,I don't have an idea why our country soft wares needs some beroucracy?? How many peoples knew that about developer options N why is the new app forceing to disable that?? in my side i didn't get the apps as of b4.,positive,0.2454545454545454,Feature Requests
317,Turning off the developers' options :( This is getting out of hand. We don't need to go through that...,negative,-0.75,Feature Requests
318,Why do i have to close the developer option to use it. After the update it's not even working unless I close the developer option,neutral,0.0,Feature Requests
319,Thank u for the easy operating service .It made life simple and accurate.Keep it up!!!,positive,0.2166666666666666,Feature Requests
320,The latest updates crushes repeatedly on my Redmi Note 12 pro plus. If you could correct the issue.,positive,0.5,Feature Requests
321,The worst I had to flight back to fix my app it need you to go back every 4 month not reliable for foreigners,negative,-0.3333333333333333,Feature Requests
322,"This is the worst update ever, the older version was better. It has so much bug.",negative,-0.0333333333333333,Feature Requests
323,It is Better to use and Save time. I truly appreciate the Bank System.,positive,0.5,Feature Requests
324,Updating the app is must everytime they release it even to reload the transaction.,neutral,0.0,User Interface & Experience
325,"Simple bug fix, would help if current exchange rate is displayed on the app.",neutral,0.0,Feature Requests
326,"You can not track your transaction history with correct date, time and order",neutral,0.0,User Interface & Experience
327,This application is an unreliable application. Please do not use it. Hackers will enter through the application and take the certificate from CBE.,neutral,0.0,Feature Requests
328,The app crashes too many times. It's a buggy app,positive,0.5,Account Access Issues
329,"Best app of the bank.But,when it needs apdate,customer must be notified in my point of view.Otherwise,customers saying ""Mobile banking is not working today"" is bad moto.",positive,0.15,Feature Requests
330,very inconvenience to use. unreliable and needs upgrades!!!,positive,0.390625,Feature Requests
331,"Money transfer options is not giving correct input, and there is no way of knowing whether the money was successfully transferred.",positive,0.75,User Interface & Experience
332,"I am facing difficulties related to network issues, while I have a good internet connection.",positive,0.35,Transaction Performance
333,It is good app but not have statment 1 week 1 month only 2 days and it is not order by time,positive,0.35,Transaction Performance
334,"I have been accessing my CBE from abroad very easily without problems .Good job, guy.",positive,0.5633333333333334,Feature Requests
335,The qr code scans must be backed to see the transfer is done and to use it easily,positive,0.4333333333333333,User Interface & Experience
336,"After the last two update, I am facing the worst experience with this app.",negative,-0.5,Feature Requests
337,"It is a shame not to appreciate the recent system improvements that the Commercial Bank of Ethiopia has been making, and I have no doubt that it will be different from this, InshaAllah. Another thing I would like to comment on is that the current method for transferring money to Telebir can own be sent to the person. So, it is possible to send money directly from the Commercial Bank to other banks. If you make it possible to transfer money directly to anyone, I would be very grateful.thank you",positive,0.0729166666666666,User Interface & Experience
338,"It is Nice, but some times details of credited amount not shown from whom sent.",positive,0.6,User Interface & Experience
339,"Great UX, simple to use yet has all necessary features.",positive,0.2666666666666666,Feature Requests
340,the most boring Mobil banking application in ethiopia.Please use alternative private banks mobile banking apps,negative,-0.1666666666666666,Feature Requests
341,It's a good app but I have two suggestions. It would be nice if it had an option to change between our own accounts. The option for downloading and sharing transactions that we have made does not work,positive,0.6333333333333333,User Interface & Experience
342,needs improvement. can't see who makes the transfers the name should be seen when the detail is selected. also i have different accounts in my name and i can only use my phone for one account only ? mobile banking has become easy ....commercial banks of Ethiopia......you need to keep up!!!,positive,0.2115885416666667,User Interface & Experience
343,"Dear CBE Team, The updated version of CbE application is very interesting and has an additional features which is very nice but still the app doesn't have an option of transferring money into another Telebirr service number rather than own Telebirr account...so please add this feature.",positive,0.6766666666666667,User Interface & Experience
344,I have been used this app from the beginning and like it. On the current updated version it states we can share and save the transaction details. However it can't share or save. The only option I am using is Screenshot. So would you please review it?,neutral,0.0,Feature Requests
345,"I don't know what to do with this app anymore..after I synconized it, it doesn't show the features or the tools that needed to use for, just it shows my balance.. needed to be fixed asap.",positive,0.1,Feature Requests
346,When you refresh your account it's slow and it doesn't tell you the latest update time. This means you don't know whether the figure you see is old or new. This upgrade was actually a downgrade!,positive,0.0872727272727272,User Interface & Experience
347,"Good but needs improvement. It should retain my settings. For example, I turned off the cbe- Noor option, but everytime I open the app, it defaults back to the previous setting.",positive,0.1333333333333333,Feature Requests
348,"With the recent update, I faced a serious problem similar to those mentioned by others. Hence I have to uninstall and reinstall the app...and it is working well now. I strongly suggest if CBE makes a regular check and take a quick corrective actions on reviews made by customers!!!",positive,0.1251736111111111,Customer Support
349,its good and simple to use,positive,0.35,Transaction Performance
350,"I like the app, easy to use, if possible please add some more features like calculator. Simply add one more icon with calculator function, so the users can easily do some calculation without closing the app.",positive,0.3111111111111111,Feature Requests
351,Unrealeble in many ways; double payment more than 5 times; frequent interruptions; and don't produce receipt more often. CBE - pls come up with a better version as we move more and more to e-payement.,positive,0.3875,Feature Requests
352,"While Travelling, I couldn't transfer money from my account to another. I had to delete❌ the app and re install and then wait until they give me authorization code.... too complicated.",negative,-0.5,User Interface & Experience
353,"The app is broken, I can't see my balance or use any of the services ,when I try to transfer or do any thing else, error message ""none available ""appears. Please fix this problem.",neutral,0.0,User Interface & Experience
354,"Trasaction Reports are not full, the list only shows the last 10 transactions, I need to see every transaction I made , and make a contact us page on your app too, other than that it's a good app",positive,0.0799999999999999,User Interface & Experience
355,"I am out of Ethiopia I used to this app.It's very nice to use. but now I can't use. Also i tried the new version 4.1 and it doesn't work. I can't check my balance,transfer.... please help me!! how to solve the following problems? => can't sync & => none available",positive,0.3482670454545454,User Interface & Experience
356,"Wow cbe keep up the good work, the interface is very attractive,the processing speed is good(needs to put some effort),canceling or aborting any proceeding task seems impossible(of course the payment process should not be interrupted...i do agree)...all in all, I'm hoping this will be resolved soon by the updates...",positive,0.3333333333333333,Customer Support
357,"1. Still no biometric sign in option 2. Annoying welcome notification 3. Not able to share payment receipts just from the app 4. Different interface from one mobile device to the other one. 5. In general, the app requires overhaul to cope with other mobile banking services of banks.",negative,-0.0642857142857142,Feature Requests
358,i miss the old one i couldn't send my mony to other bank..,negative,-0.0124999999999999,User Interface & Experience
359,Fantastic app! I appreciate it very much,positive,0.38,Feature Requests
360,It's a quiet good and smoothly accessible app which allows users to transfer and deposit but it would have been very great if there was a chance for topping up or Adding balance to your account.,positive,0.51875,User Interface & Experience
361,Disappointing! I lost my phone so I went to a CBE branch to reactivate it (unnecessary imo) waited for 2 hours to receive the verification key for it to be useless and invalid.,negative,-0.4125,Feature Requests
362,cbe very active Bank I'm using CBE app very very satisfaction,positive,0.0433333333333333,Feature Requests
363,The best application I have ever seen in Ethiopia banking industry.,positive,1.0,Feature Requests
364,"Very smart app, but it's not compatible for all android version. So, please amend it since almost all users use mobile apparatus that have a version of below 6.",positive,0.2785714285714286,Feature Requests
365,"1.I have to log out and wait for more minutes to make another transfer . 2. I get charged for a not satisfactory transfer amount. 3.On some days I see some transactions with different amount of transfers which I don't do . 4.I can not transfer more than 20K. and charger for every transfer is not fair 5.And l wish to know ""For Ethiopians where exactly is there country to live in""",positive,0.1727272727272727,User Interface & Experience
366,At the biggning the app was normal and very handy. Now It's so slow and i can't even load my transactions properly. Not only the app all your customer services are declining so it's better to correct what you have done wrong. Thanks!,positive,0.1257142857142857,Feature Requests
367,what an amazing application in Ethiopian Banking industry which is very interested one!,positive,0.503125,Feature Requests
368,"This application has many problems, 1.This application requires physically going to bank to configure it for the first time. 2.It doesn't not have strong authentication policies 3. Unlike other bank applications it does not support username, password and email/phone number authentication 4. Sometimes it does not work",positive,0.2116666666666666,Feature Requests
369,It was working fine till recently. It suddenly stopped showing me the balance on the front page and all service features are not working. Hope it gets fixed soon.,positive,0.1722222222222222,Customer Support
370,Shame to see one of the biggest bank in east africa. Have this app 1 .you try to send money.. it will fail on the way you try again and your money have been sent Twice. Then you have to ask the Receiver to send the money back to you. 2. Try to refresh to see your recent transaction and it will show old transaction. Clearly they don't care . You can get your statement easily via telebirr. But cbe you have to go to branch and beg sometimes Bribe the managers to get your own bank statement . Shame,positive,0.1047619047619047,User Interface & Experience
371,It literarily don't work at all,positive,0.1,Customer Support
372,I can not use the app after I reinstall it while I am abroad. It requested me to get security key from nearedt CBE branch. There is no CBE branch overseas. Due to this reason I can not acess my acount using the app!!! CBE should resolve this for diaspora customers.,negative,-0.1220703125,Feature Requests
373,Great application. But when it opened after Minimization it doesn't ask for pin. I mean it directly opens which is not safe. Anyone who has the phone can transfer or do other activities. please Update the app in to new level.,positive,0.0581439393939393,Feature Requests
374,"It is helpful app which can be used easily but one important thing, when you send or receive a money it does not appear the hour and the minutes. You don't know if it is afternoon or morning. It is better the receipt to have date and time.",positive,0.4444444444444445,User Interface & Experience
375,Commission paid 5 birr that alot even if I didn't do any transactions they still cut 5 birr soon I will run out money because of this o regret using this. I'm student I don't make money they have to consider what they doing not just that after first time using it they will take/cut 50 birr for fee that unreasonable. DONT USE THIS APP !!!!!!!!!!!!!!!!!!!!!!!!!!!!!!!!!!!!!!!!!!!!!!!!!!!!!!!!!!!!!!!!!!!!!!!!!!!!!!!!!! I HAVE SCREENSHOT FOR EVIDENCE DONT REPLY ME THIS IS accusations,positive,1.0,User Interface & Experience
376,"The app was working properly, but in the last two days, it showed not available while I am in a good network area with both wifi or data. Please fix it. With regards",positive,0.1249999999999999,Customer Support
377,looks great but it has no option for accessing our transaction history....for some days back ...this makes our work bad,positive,0.0333333333333334,User Interface & Experience
378,"app is crashing with the new update. please fix it as soon as possible. I am in another country and not able to make transactions. Please, are you reading the reviews? Guys does anyone know if it works by uninstalling and reinstalling without needing to go the bank??",negative,-0.0378787878787878,Account Access Issues
379,"Its a nice app and banking services. I have two questions&/ suggestions, why the beneficiary lists are sometimes not available/ not working? It will better if you allowed to see more than one page transaction statement.",positive,0.5333333333333333,Feature Requests
380,"There is problem with sudden system or software failure. And most importantly the history of transaction is too short , at least we must be able to look at monthly statement on the app!!!",positive,0.179985119047619,User Interface & Experience
381,"I have been using the App since it is first released and it has been nice, but the latest Update are very worse the app crashes frequently and drains battery highly.",positive,0.1816666666666666,Account Access Issues
382,I use this app all the time on my business but sometimes it is difficult to use in rural areas. because there is not enough network. so what if you prepared it for the public to use offline?,negative,-0.125,Feature Requests
383,"I have been using this app for one year.It Is an amazing application,I have never been used such like app in my life.It is very interactive ,compatiable with any android phones,easy to be used by any one irrespective of any level of education and very realiable to realized digital banking system all over the globe.I Wish all banking sectors will update their mobile banking system based on this app. CBE is My bank and I Proud of it Shumet Mamo Sassie",positive,0.3,Feature Requests
384,worest app like that bank for security and network access,neutral,0.0,Feature Requests
385,Hard app to rely on for business transactions. As it shows error message while the money is transferred resulting in sending money multiple times. Plus transaction details gets updated after days of the actual transaction.,negative,-0.0972222222222222,User Interface & Experience
386,best app and update more features *****,positive,0.75,Transaction Performance
387,It's a very good fast service provider but at the moment the system is denying me,positive,0.5549999999999999,Transaction Performance
388,"The app that I use didn't transfer money to my telebirr account. There's no where to be found ""Transfer to Telebirr"". Only transfer to Telebirr agent is available and it require short code. It turns to be boring app ever.",negative,-0.15,User Interface & Experience
389,It used to work fine but nowadays if u try to use it after midnight it doesn't always work either with Wi-Fi or data and sometimes we gotta pay things before the dead line and boom it doesn't work,positive,0.1083333333333333,Customer Support
390,I am more satisfied in this app . More sure you have to secure.,positive,0.48,Feature Requests
391,"Why can't we use this app with Developer Mode turned on, when other big international banks apps allow it?",negative,-0.0416666666666666,Feature Requests
392,It crashes frequently,positive,0.1,Account Access Issues
393,well satisfied with this beautiful app,positive,0.675,Feature Requests
394,Alert The device developer Mode is turned on. Please turn off Developer Mode from device settings and try again to use this app OK What is this ?,positive,0.5,Feature Requests
395,"The latest update is creating a lot of problems. For instance, I had to reopen the app like 10 times to fix the ""NetWork error"" issue.",positive,0.5,Feature Requests
396,Simplest and good way of using Internet banking it very interesting app,positive,0.675,Transaction Performance
397,Good and easy to use,positive,0.5666666666666667,Transaction Performance
398,"it's a great job.but one more thing, it hasn't been placed for transfer to other banks on face like mobile charge card place",positive,0.3916666666666666,User Interface & Experience
399,Biometric security for mobile banking is not available,negative,-0.2,Feature Requests
400,"what went wrong, I couldn't take a screenshot.",negative,-0.5,Feature Requests
401,"I have a fitayah account, a type of interest free account, and because their system is unable to process anything for people like me I can't see any of my accounts in the account list on any transaction, although I can see it when performing security actions or checking my balance, as such this app is as useless to me as the previous one. Unbelievable",negative,-0.1694444444444444,User Interface & Experience
402,Can you please just make it functional. I don't think anyone cares how good it looks if not a single functionality works. Plus it's not even aestheticaly nice. The loading animated icon has white irregular edges because the logo wasn't cut out correctly. The app doesn't work at all. It doesn't even login. It gets stuck on login just showing the logo animation and blames the issue on connectivity. Connectivity is fine and the proof is that this review is posted.,positive,0.3504761904761905,Customer Support
403,"Developers/ the company takes too long to update the app, and throughout that process, the app is basically useless. We can't send money or even be able to check our account. They even take it down from the Play Store for a while. This whole process usually takes them 3 to 5 days. This is very disappointing. It is an improvement from the previous version of the app, but they still have a long way to go to compete with the likes of CBE. Transferring to other banks sometimes doesn't work.",negative,-0.1377222222222222,User Interface & Experience
404,"This app is a joke. It crashes more than it works, takes forever to load, and half the features are just decorative at this point. Can’t log in, can’t transfer money, can’t even check my balance without it bugging out. To the developer: Are you actually trying to make this work, or is this some kind of social experiment to test our patience? Did you build this in your sleep? Because it definitely looks like it. If this is your idea of a functional app, maybe consider a different career path🙏",positive,0.1380952380952381,Customer Support
405,It keeps showing this pop up to turn off developer options even tho it's off! I had to turn on and then off to make it work! This is a horrible experience and needs a fix asap! Plus kinda slow.,negative,-0.65,Feature Requests
406,"Edit: New bug, app not letting me type in my otp codes. Shameful Why does this app not allow me to use it while having developer options on? Did y'all consider that I might, perhaps, be an actual developer? Why am I expected to toggle the option on and off just to bank (restarting my phone when I do)? Why is the message labled as somthing that will ""smoothen"" the experience? This is like the most ""security consultant"" thing to implement in an app. Please invest in actual security, not this mess.",positive,0.0602272727272727,Feature Requests
407,"Hello, I’m facing a problem with the BOA Mobile app. Every time I enter my phone number and password, the app crashes and shows an error that says “BoaMobile closed because this app has a bug.” I tried updating, reinstalling, and clearing cache, but nothing worked. Please fix this bug in the next update. I really need access to my account. Thank you.",positive,0.0333333333333333,User Interface & Experience
408,"i entered incorrect security question by mistake boa app lock pin forever, why is there no other options? ?? i contacted different branchs more then 4times but they didn't able to solve this issue .",positive,0.265625,Feature Requests
409,"I’m giving this app one star because there are no options below that. My experience has been incredibly frustrating due to the extremely long loading times, and the app even closes automatically at times. People choose mobile banking for its convenience, but this app is far too time-consuming, making it the worst I’ve used. I hope improvements are made to enhance the user experience.",negative,-0.295,Feature Requests
410,i would have given it a lower if it was possible because it crush so much and it take the bank so long to fix the bug,positive,0.05,Feature Requests
411,"This is the best app; many features are awesome, but it should work without the need to turn off the developer options. I'm tired of having to constantly switch the developer options off and on. I've been expressing my struggles about this. I have precious settings enabled in the developer options, and to open the App Boa app, I have to turn them off. Please help us, Abyssinia Bank. I hope you can provide an update soon.",positive,0.3714285714285714,Feature Requests
412,"I don't know what is wrong with BOA as a bank in general. It's been going backwards since last year or so. The app is a disaster to use in every possible way. Not stable to log in and very slow to perform transactions, couldn't take a screenshot (or can't even find the pictures even using its save screenshot option). Most of the time, it fails to perform transactions and so on. Simply, it's the worst!",negative,-0.2044444444444444,User Interface & Experience
413,What's wrong with App. this days? it doesn't working properly. 1) it's VERY SLOW & doesn't open. it's very Annoying. 2) most of the time it says repeatedly Please try it again or try it later but again and again it doesn't open or work. 3) repeatedly it says something went wrong then it off the screen. I've updated the App. when it needed but nothing changed. 👉PLEASE if it has some issues with the App. Please fix it otherwise I'm going to uninstall it.,negative,-0.23625,Customer Support
414,Worst App ever. Totally unreliable. And it didn't work at all for the last 4 months.,negative,-0.3333333333333333,Customer Support
415,"What an awesome app! It is supper easy to use with very attractive GUI. But there are some problems to be addressed: (1) It crashes frequently and requires mobile cache to be cleared to relaunch. (2) Automatic OTP input is good. But fix the manual activation option, too. (3) It does not boot fast. (4) There are minor errors during the installation. (5) Color contrast: In the transactions menu, the credit accounts should be in dark green than light green. The debit accounts should be in dark red.",positive,0.1666666666666666,User Interface & Experience
416,"Terrible Bank Experience It’s unbelievable that with all the modern technology, this bank still struggles with even basic transactions. The app constantly crashes, services are limited, and every time I try to transfer money or load Telebirr, there’s a huge delay. I have to wait 5 days for failed transactions to be refunded! Even USSD is unreliable. They’ve put me in embarrassing situations countless times, and customer care never fixes anything. I’ve switched banks, and you should too!",negative,-0.1496031746031746,User Interface & Experience
417,"I have a worst experience while using this mobile application through out the year. Most of the time it fails to ""Login"" or automatically closed the app. And also it takes so much loading time (5 minutes +) trying to access the internal services. Sometimes also while transferring within and to other bank also fails. So, BOA please fix your app.",negative,-0.190625,User Interface & Experience
418,"the app isn't working after it asked me the password it starts loading, but it doesn't open",neutral,0.0,Customer Support
419,"It crashes frequently. It launches on Android 8.1 but I don't think it actually works on versions less than 10. If so, it shouldn't be available for download by such devices to begin with, like many other finance apps are not. It was so much better three months ago, upgrades should be for the better.",positive,0.1898148148148148,Feature Requests
420,"It can't actively on initialization, it says incorrect OTP getting the exact OTP",positive,0.0583333333333333,Feature Requests
421,Bad app . it stuck when you open and noting WORKS.,negative,-0.3499999999999999,Customer Support
422,"This app future is good, but there is problems with apps to reset and activate it, which is difficult even to the branch staffs, and it takes too long times to active at the branch plus most of the time high expected failure of activation after process at the counter and OTP sent not work",positive,0.0288888888888888,Feature Requests
423,"Why the app doesn't allow to update the previous version. In addition to this, when I install the new version and try to activate, the app doesn't allow to write the activation OTP code to the screen. I have received the OTP password from telegram and email. Would you please fix this bug. Thank you",negative,-0.0151515151515151,Feature Requests
424,"This app has been found useless while I compared with the first version of IB12111...that was very good, you guys what is the matter with you. You are far from the technology and the competetor's digital product through convenience, reliable, easeness _-dashen, cbe, zemen... they are doing well! share their experience and be able to satisfy your esteemed customers including me. unless you will be down soon!",positive,0.1522222222222222,Feature Requests
425,"I will give only one star, because it faced with multiple of problems. 1. The app is not as fast as the other banks App, for e.g like CBE 2. The App asks repeatedly to switch off developer options, even if it is switched off. 3. Bank of Abyssinia's services are interesting, but they ignored the issues on the App service. 4. Most customers gave a complain on the App, but no one accept their complain to fix the issue. 5. Lastly, I will not recommend the App unless the issue has been solved ASAP!!",positive,0.1535714285714285,Feature Requests
426,This app is incredibly frustrating to use. It’s filled with issues that make it difficult to navigate and complete tasks efficiently. I’ve never encountered such a poorly designed banking application before. It needs significant improvements to enhance user experience. It deserves a vey low rating.,negative,-0.053125,Feature Requests
427,"The version 24.04.26 is not opening on any of my devices. I noticed this issue on my friend's Android 9 phone and also on my Samsung Android 12 phone. Even after weekly updates, the newest version is not working properly. Please provide a stable version update, as I prefer the older version of the app from the new one.",positive,0.101010101010101,Feature Requests
428,Very unprofessional and mischievous bank in my opinion. I have had several occasions but recently I used Abyssinia Card to withdraw money and it was deducted from my account but despite reporting several times they said they are processing it but I learned yesterday that since it has been 3 months the bank has decided to include it in their income. How absurd. If you can avoid this bank.,negative,-0.06,User Interface & Experience
429,"So BoA, your last application was horrible and buggy. And we thought ""finally!! a functional new app with better UI."" But It didn't last long, a non existent connection error at login.... Please just fix your app to the simplest functional form and it would be up to your other service standards.",negative,-0.0673295454545454,Feature Requests
430,It has been a while since you guys started giving the mobile app service but still couldn't get it to work. I'm sure you know that it doesn't work already but not sure if you're lazy or incompetent to fix it. You are losing business because of this. Complacency will have consequences.,negative,-0.0875,Customer Support
431,it doesn't work period z slowest mobile banking ever i would rather use *815#,neutral,0.0,Customer Support
432,OMG this is like the worst mobile banking app ever. I have many different mobile banking app from different banks but this is the worst so far. It says it has connection issue when I have wifi or data connection and while I'm using other social media apps. It keeps asking me for update once like every week and takes forever to load like I have to wait at least 10 minutes to login and another 10 min to see my balance.,negative,-0.199074074074074,Feature Requests
433,"Was working fine for 2 days then Error the request was not successful please check your connectivity or try again my connection works perfectly i reinstalled the app called support multiple times all of them said it's a system problem be patient it has been a week since then, called again they even dared to say the problem is your phone restart it which i did but still the same other banking apps work perfectly but this my experience with this app, horrible the whole system is bad",positive,0.0416666666666666,Customer Support
434,"This is a much better app from BOA, easy to activate with ATM credit info, that helps someone like myself who already forgots previous PIN No or IB password. Apps runs fast unlike the previous versions. I hope you don't ruin it with unnecessary update. Please notify customers to use this app through their SMS.",positive,0.0666666666666667,Feature Requests
435,"The app does not work well from abroad, there have been continuous upgrades and updates that are very interruptive and non-responsive. Staff do not have the technical capabilities to support whereas the support number and online support are never available.",neutral,0.0,Customer Support
436,This app is not efficient and can't be used for people outside Ethiopia. I am not able to enter back my OTP code into the App screen as it gets frozen and nothing can be done. Also the login screen forces to enter a local cell phone in Ethiopia and a PIN number. Those of us who live abroad are left out. The previous application with BoA Authenitcater was working efficiently and I was also able to login using my LapTop. I recommend the Application to use login user name & email instead of Ph#.,positive,0.0274621212121212,Feature Requests
437,"Be careful of using this app to transfer large sums of money. Recently I can't top up my mobile card, can't pay tickets, can't transfer money to Telebirr. The *815# works but what's the use of an app if we're using USSD. It will refund your mobile top up days after failing to top up but I wouldn't want to risk that. I'm a big fan of BoA but I wouldn't recommend this app. 👎",positive,0.269047619047619,User Interface & Experience
438,"Very poor app. It crashes every time, doesn't load properly, and you can't even buy airtime. The programming is subpar. Please take lessons from other online banking apps. I would give it a zero if I could!!",negative,-0.2384375,Account Access Issues
439,"The app doesnot allow to transfer from foreign currency accounts to local currency accounts , it says transaction not allowed , please check it and also it is difficult to activate the app from abroad countries since the otp doesn't reach by sms and it uses email, it doesn't allow manual otp input and the email hardly received , please review your app and make an update !!!",negative,-0.2986653645833333,User Interface & Experience
440,"When we come to use mobile banking app this app is the WOREST one. Who made this app? Why? im almost forget to use it While the app right infront to my phone. I preffered to go branch office rather than to use it. Let alone for transaction or other service for simple purpose to check my balance i used to call for the bank 'call center' rather than to open for this difficult app. It need high speed internet service, it stop service for simple interuption of the network, after transfer the 1/2",negative,-0.0349107142857142,Feature Requests
441,"Please add an option to manually input the OTP. I am residing outside of Ethiopia. I encountered difficulty accessing my account following the recent update (change) of your mobile banking app. Unfortunately, I am unable to activate the app on my mobile device. During the activation process, the app prompts for an OTP, which I can receive via Telegram. However, there is no option to manually input the OTP. I kindly request your assistance in resolving this matter and activating my account",positive,0.0199999999999999,Feature Requests
442,"It's been two months now, I cannot do any transaction using this app. It's really disappointing. I am using bank of Abyssinia currently because it's the nearest bank to my work place. The bank is turning to the worst bank in the country day by day. They always respond to customers that they are updating their system all year long, I think that's what they train their customer service operators to do.",negative,-0.4125,User Interface & Experience
443,"The worst mobile banking app! It doesn't load (seems like with the perfect WiFi and data connection it still manages to have network issues), when you finally get into the app, it makes it so hard more than it should be to send money.",positive,0.0416666666666666,Feature Requests
444,"Playstore need to have some option to give 0 stars because this application right here, deserve exactly that, imagine being one of the biggest banks In the country and can't manage to have good mobile application in the Era of mobile money, you guys are in the brink of collapse you better make it right real quick or you gonna be 10 meters down to the grave. DON'T USE THIS APP, IT'S WASTE OF TIME.",positive,0.2707341269841269,Feature Requests
445,"The updated version of this app is just time wasting. It doesn't work with 2G/3G network.require log in frequently,not fast as much as possible.automatic log out are the bad features of this app",negative,-0.0999999999999999,Customer Support
446,"This is terrible app. What the hell is your problem. Passwords can't be entered manually. I'm abroad. I don't have my Ethiopian Sim. I'm receiving the activation code via telegram. But you locked the system not to accept the activation OTP manually. Hence, I can't see my accounts, I can't make transactions etc.... how can you not think of this in advance.... now I'm in a terrible situation. I can't know what is going on with my account. WOULD YOU FIX IT NOW.... NOT TOMORROW or THE DAY AFTER...",negative,-1.0,User Interface & Experience
447,"This app is trash, it's not working for the past 3-4 days. I've to go to the bank to send money to other banks. Plus the app keeps crashing since the last update. BOA as a bank is deteriorating! This has to change.",negative,-0.125,Account Access Issues
448,"The worst mobile banking app ever!!! I have tried to transfer 25,000 from my BOA account to my CBE and it still hasn't reached my CBE account yet. When I tried contacting customer support they just tell me it's a problem with the system. I have waited 48 hours and I still haven't received my money. Bank of Abyssinia the worst bank and system, I don't recommend this app or bank to anyone.",negative,-1.0,User Interface & Experience
449,"This is the most stupid app I've seen, why would I turn off developer mode just because you can't make your app secure, this clearly indicates the app has very poor implementation and unskilled developers.. There are a lot of people who need developer option for different reasons. Please for the sake of the bank, fix this thing... Even the most secure international banking apps don't require it. Not to mention the lag and crashes",positive,0.0644444444444444,Feature Requests
450,"The app is essentially unusable, it asks to disable developer mode even when it is already disabled and crashes, sometimes it only works with wifi and sometimes only with data, or it crashes just because.......",negative,-0.05,Account Access Issues
451,"This app takes too long time to be opened. And even it is not working simply as other banks application. Why this app does not give a digital invoice. Even, I am not able to find where the screeshot is kept after transaction. So, please the developer should fix all these.",negative,-0.10625,Feature Requests
452,"I've never seen a very worst mobile banking system like this, i lost 37000 birr because of your delay transaction system, i called 8397 and they told me stay for confirmation but, after i changed my mind and waiting for confirmation call to cancel the process they sent it with out my approval, so please don't use the mobile banking system please",negative,-1.0,Feature Requests
453,"BOA is unreasonably holding and delaying transactions for more than a day, even transactions within the same bank itself. This is a huge gap that I observed in BOA mobile banking. I didn't experience this kind of challenge while having transactions in other banks' mobile banking platforms. After waiting so long, I called your customer support team and the response they gave me was ""it was the system that holds the transaction & will be released on working days"". This is not totally fair.",positive,0.1392857142857143,User Interface & Experience
454,this version is not working for me I cannot even buy card. I cannot send money,neutral,0.0,Customer Support
455,after i typed in my password it says successfully logged out ...and goes back to the first page,positive,0.3333333333333333,Feature Requests
456,it's not work correctly... you must have update it,neutral,0.0,Customer Support
457,good but they don't update enough don't add new things,positive,0.2787878787878787,Feature Requests
458,"Installed the latest version of this app on my Android 14 device, but it is not working. I have already received the activation key from your branch (via SMS), but couldn't activate it. It is a failed app. I bet you don't have QA testers.",neutral,0.0,Customer Support
459,"Decent, but there problems sometimes it says error When i transfer money but infact it transferred because of this bug i transferred 2 times instead of 1 and also we can't transfer money to others telebirr acc we only can to our self BOE Dev fix this !!!",positive,0.0833333333333333,User Interface & Experience
460,Worst mobile banking app I ever experienced I was blaming other apps but comparing with this they're too much better!!!! It clashes it takes much longer time to login while loading in short it's a complete of trash,positive,0.1392857142857143,Feature Requests
461,i have went to the bank so many times because i couldn't make any transaction i can only see my balance nothing else so what is the point of having mobile banking if i can't make any transaction with it please work in that,positive,0.25,User Interface & Experience
462,"Worst App it ain't allowing yo activate not even in the nearest branch are able to activate it. I have been client of the bank for 10years. What is this BoA? As we know it being a leading in simplifying banking service this App needs to be fixed. Then we will give it better rate,",positive,0.0249999999999999,Feature Requests
463,"Great graphics, but why my music have to stop when I open this app? Make it make sense. But overall, it's good, but also needs too much data just to load this app. We might need a lite version of this.",positive,0.3399999999999999,Feature Requests
464,"the app used to run fine, but now it takes like forever to even open the main dashboard and sometimes it just crashes on its own. you guys gotta step it up. we need this app to be way faster",positive,0.2958333333333333,Account Access Issues
465,The app keeps crashing it stops responding while I'm using it or trying to open the app. Now I have to go to the bank in person to do any banking activities. In short it is the worst mobile banking system in Ethiopia,negative,-0.3333333333333333,Account Access Issues
466,I have nothing against your service but your App!!!!??? When will it ever work? Why do you keep changing the interface whenever there is an update? The most unreadable annoying app.,negative,-0.15,Customer Support
467,"I can't believe in this day and age, one of the major banks of the country can't seem to understand that having a working mobile payment option is a **MUST** to survive. I have decided to move my accounts to CBE and Awash because of this. Can't be bothered with this useless app.",negative,-0.21875,User Interface & Experience
468,I'm disappointed with the recent changes to this app. Disabling developer options for functionality seems unnecessary. The previous version offered a more user-friendly experience.,negative,-0.1633333333333333,Feature Requests
469,It's just terrible. It kept crashing in middle of transaction. Hell sometimes it won't open. My phone is stock Android (pixel 8) and I don't even know how this happens. Fix it!,negative,-0.09375,Account Access Issues
470,"Its nice platform when i compare with the previous version! But, when i try to use mobile banking the app states use the updated one! As it orders, i updated BOA from playstore, when i try to use mobile banking on the following day the same thing-update from the playstore!!!!",positive,0.0848958333333333,Feature Requests
471,This application is losing major factions on a daily basis. I can count how many times I have used this app; it is completely useless and disappointing if I am not going to use it in times of need then I don't see the point.,negative,-0.1075,Feature Requests
472,"Unreliable, expensive service. Most of the time, it is not working. Sometimes, it will take more than a day to complete transactions and charges more for this unworthy service. I will not recommend this bank app to anyone.",positive,0.22,User Interface & Experience
473,Why is not letting me access my account. The whole point of this app is for me to gey access to my account without physically being at the bank. I would give it a zero but a one will suffice to get my point accross.,positive,0.1,User Interface & Experience
474,"please add language in the apps setting(amharic afan oromo, tigniya,and others) sometimes bank to bank transfer is not available through time and even if if it is available not reachable…it is serious issue!",negative,-0.0722222222222222,User Interface & Experience
475,"I downloaded the app for the first time while reading other customers reviews and as soon as i installed and opened the app it closes back automatically, what unserious bank, now i uninstalled the app immediately",positive,0.0416666666666666,Feature Requests
476,The App is not working on Android 9.1 at all. It shows an error notification and forcefully closes the app. Must be fixed ASAP.,positive,0.1,Customer Support
477,I am having a challenge to use the app. The app does not allow to update the previous app. Neither does it allow to manually insert OTP - BoA please modify the app to allow these features,negative,-0.1666666666666666,Feature Requests
478,"The bug is still there,the app crashes every time i try to log in, especially in old phones like my Galaxy A32",positive,0.2,Account Access Issues
479,"This app is way better than both Apollo and the old mobile banking app. It's super easy to use and loads really fast. If you already have boa mobile banking before, activating it is a piece of cake. Great job on making such an awesome app – keep it up !",positive,0.4208333333333333,Feature Requests
480,Worst app ever previous version was way better than this version after I activated my mobile banking app it says account not found but I'm their system my IB customer does work fine please fix your bugs and test it before you release it I have visit and report many branches and head quarter but they can't fix the problem,positive,0.0499999999999999,Feature Requests
481,I don't know why they roll out new updates without making sure it works! Why???? Do they need to update to a new staff? Perhaps pay for a better network?? Mindenew? I don't know there always a problem with this app.,positive,0.3494318181818182,Feature Requests
482,"The application used to work well. But after updates I'm not able to use the forgot password feature, which is blocking me from accessing it as a whole.",negative,-0.0249999999999999,Customer Support
483,"It has good backgroud and simple. But keeps saying no conectivty , login, Close immediately you made it porly not woriking on stable network!!!",positive,0.35,Feature Requests
484,"By far the nicest looking app by an Ethiopian Bank. But it's functionality is weak. It is full of Transaction error, Function Error. Kudos, but it needs more backend work.",positive,0.14375,User Interface & Experience
485,A lot of the app's features have been rearranged but sometimes it works sometimes it doesnt...and that makes it less reliable specially at times of need...pls improve it,positive,0.0952380952380952,Customer Support
486,This app is the most worst app I used in Ethiopia and belive me I know I live in Ethiopia. Being the fincial app It doesn't work when you want it. It makes you wait for cash out code and immediately debit the amount before sending the code I have got to say abysinia bank I didn't expect this from you and I use CBE mobile banking,negative,-0.1212121212121212,Feature Requests
487,Hi I have problem with this App BOA mobile I don't know what is wrong with this App I did many times download but it's sam doesn't work if sam like that this app way I have to be customer with them how I know my account and checking save The book is no Not enough alone,neutral,0.0,Feature Requests
488,The app has bugs. Signing in is still a challenge. Transfer to another bank is impossible. The app is slow and bland.,negative,-0.3777777777777777,User Interface & Experience
489,Sorry to say this compared to other banks mobile app its the worest it need more improvement the app doesn't match the bank standard it need more update its too slow plus it keep saying stop developing option on your phone when no developing setting enabled ??plus when it come to recent transaction nothing to display...,positive,0.0107142857142857,User Interface & Experience
490,My advice for whoever reading is go look for other bank(awash bank is a great example). This bank won't even allow you to access your money when you want. It has bad servers which don't work(respond) on time.,negative,-0.0083333333333332,User Interface & Experience
491,It was working good before the last update but after the update it asks to disable developer option. why is that? That means any developer with developer option enabled can't access his account. It crushs a lot of times.,positive,0.35,Feature Requests
492,"The app is terrible, nothing functions properly. Especially since the latest update, it crashes all the time.",negative,-0.1666666666666666,Account Access Issues
493,"After last update, the app keeps crashing, not working. Pls fix it. Mobile transactions become impossible.",negative,-0.3333333333333333,Account Access Issues
494,"It say ""The request was not successful. please check device connectivity or try again"" why? One of the bank manager told me it is because of my phone's android version which is 9.1 It is ridiculous! Disappointing",negative,-0.4638888888888888,Feature Requests
495,"Slow login, crashes frequently, annoying app ever. Since you updated this app, it's been extremely unhelpful.",negative,-0.4083333333333334,Account Access Issues
496,"I don't know why every time you come up with a new update the app get worst than the oldest, it is taking more time to load, can load money to telebirr, can't pay awach. Please try to fix it.",negative,-0.1212121212121212,User Interface & Experience
497,The latest update has a bug it keeps crashing. Please fix it it's so inconvenient to do our business this way. That or we will switch to other banks,negative,-0.075,Account Access Issues
498,"A total disaster of an app. Always offline, never works, it's embarassing. I've lost hope and taken my business to a competitor",neutral,0.0,Customer Support
499,"""I am extremely disappointed with the poor service I have received. It is unacceptable that I cannot make transactions of 30,000 Birr and sometimes my money gets stuck in the air. As a result of your incompetence, I have been forced to change my bank account. This level of service is completely unacceptable and needs to be rectified immediately.""",negative,-0.3374999999999999,User Interface & Experience
500,"Worst app ever, not user friendly, even doesn't serve basic functionality correctly, takes to much time to login and navigate through the app, we expected more from this bank",negative,-0.0041666666666666,Feature Requests
501,"Despite the enhanced technology you have, the application doesn't work properly, and it asks for the developer option to be turned off, fix that.",neutral,0.0,Customer Support
502,I prefer the earlier version. This updated app crushes during login and says there is bug. Please fix the bug issue.,neutral,0.0,Feature Requests
503,"Its amazing and easy to use , but from these two past days it crashes and tells me ""there is not enough connectivity"" while my internet was good enough , and i can't open it anymore !! Fix this proplem ASAP.",positive,0.2119047619047619,Account Access Issues
504,It usually crashes and the reason it gives is a problem on internet connection although the internet was fine.,positive,0.0833333333333333,Account Access Issues
505,"It was working fine a couple of days ago, in the utilities section of payment it only provides a few services but that is OK for now but my issue is it has started crashing down these past 2 days",positive,0.0518518518518518,Account Access Issues
506,The app does not open sometimes it says coonection issue which i dont have and after it opens it has bugs while using its not smooth to work with please improve it,negative,-0.1,Feature Requests
507,Overall good app but performance needs some improvement also sometimes when using instant other bank transfers it refuses causing to be repeated several times to transfer,positive,0.1149999999999999,User Interface & Experience
508,I love boa but the mobile app isn't as good as the older version when the app gets update it gets worse and worse it doesn't even work..fix the issue with that,positive,0.1133333333333333,Feature Requests
509,"The worst app update ever. Why would you include the ""developer option off"" thing here? Why do you care? It is my phone my money, right? That is the reason why I switched to other banks. So either turn it off or everyone will discontinue their business one by one.",negative,-0.2797619047619047,Feature Requests
510,"I never ever seen the worst commercial app like this in my life , it does not work anything , i donot know how the IT Team of the bank tested and launch the app. Its annoying !",negative,-0.6666666666666666,Customer Support
511,"One of the weakness in BOA is it's mobile App. I hope this will address some of them, but it is very critical to work on modernizing and ensuring the security of it's mobile banking system in this digitalized world",neutral,0.0,Feature Requests
512,"Simple, fast and easy to use. I had bad experience on apollo and the older version of this app is too slow.",negative,-0.0333333333333333,Feature Requests
513,I don't have words for your great work.. Really Good .what i like the most is the screenshots features is included which gives you the transactions detail ...Great Work...KEEP IT UP !!??,positive,0.7604166666666666,Customer Support
514,So this updated version is so much better and faster but it doesn't open unless it's directly opened from play store. fix this issue I'd give it 5 if it wasn't for this,positive,0.1999999999999999,Feature Requests
515,"I sm a big fan of BOA , but the mobile banking is so trashy( sorry but its the best word to discribe it).... please buy a good server ....it always show blank age after login slecially on sundays it does not work at all...the new update has a good UI but has same respose problem ....",positive,0.2545454545454545,Transaction Performance
516,"BOA app was one of my favourite back in the days, now I don't if there is an app worsen that this.. very very bad. You need to fix it or remove it.",negative,-0.4549999999999999,Feature Requests
517,Hate how we're expected to disable 'Developer Options' everytime we open the app. An unnecessary point of friction that's been put in place in the guise of security.,negative,-0.325,Feature Requests
518,"Dear BOA, Are you sure you are upgrading your application. It is becoming worse and worse. Please fix the bug as quickly as possible.",positive,0.0299999999999999,Feature Requests
519,"The app is a total waste of time, it glitches, doesn't log in fast, super slow.",positive,0.0066666666666666,Feature Requests
520,"It's a quiet good and smoothly accessible app which allows users to transfer , Airtime Top-up, ATM withdrawal and Utilities payments.",positive,0.3583333333333333,User Interface & Experience
521,"I love BoA more than anyone but they are cursed when it comed to mobile banking. Even though this ine is hetter it still s*cks! It will ask me to turn off developer options other wise it won't work! I use CBE, Awash birr, tekebirr, Dashen bank and others but non of them asked me this, why only BoA? Please improve your mobile banking, be competitive!",positive,0.375,Feature Requests
522,"Was working ok.but it started not displaying banks list to choose from, and it needs updating every couple of days, annoying",negative,-0.8,Customer Support
523,boa of mobile backing,neutral,0.0,Feature Requests
524,this is worest app 24/7 loading,neutral,0.0,Feature Requests
525,very nice Abyssinia bank is choice all,positive,0.78,Feature Requests
526,the app crush frequently,positive,0.1,Feature Requests
527,"I am an app developer, I need to keep developer options on... WHY ARE YOU ASKING ME TO TURN DEVELOPER OPTIONS OFF... why is it that Abyssinia is the only damned bank in Ethiopia that just can't seem to buld an app that works... it's not that hard people, just look at CBE... this is simply terrible, borderline unusable!",negative,-0.4305555555555556,Feature Requests
528,"Absolutely the worst mobile banking app.it crashs every time,problem when logging in and and cuts my balance when top up without even recharging",negative,-0.1,Account Access Issues
529,liking this application good 👍,positive,0.7,Transaction Performance
530,"this app, for me , is a waste of time. It doesn't work . I can't even long in, and it really piss me off. FIX THE PROBLEM",negative,-0.0166666666666666,Customer Support
531,always problematic hardly works,negative,-0.2916666666666667,Customer Support
532,"For anyone who wants to download it, just don't!!!",positive,0.390625,Feature Requests
533,"after activated the application it not allowed to sign , automatically it is turn off In my phone, why ?",neutral,0.0,Feature Requests
534,what awesome apps. it is very simple to use and more much important apps.,positive,0.475,Feature Requests
535,"this app does no work on Samsung a51, it just gives a preview of the logo",neutral,0.0,Customer Support
536,It is very bad app. not friendly usable. needs extremely strong network. Can't be updated easily.,negative,-0.0577083333333332,Feature Requests
537,"It was a very nice app and was exemplary to other banks, but I am experiencing difficulties in transfering transactions and thinking to leave Abyssinia? What would you advise me. ወጣ ወጣና ሆነእኮ ነገሩ።",positive,0.3275,User Interface & Experience
538,"Pretty good for a banking app, it still lacks some things with in the ui and with the speed of the app but overall it's a good application. Thank you 5/5👍🏻",positive,0.4125,Transaction Performance
539,"Shockingly bad! Even when it decides to work, it's painfully slow and frustrating. Such a shame that it has become a stain on an extraordinary bank",negative,-0.2483333333333333,Customer Support
540,Has some nice interface but always freezes or slow to load .App developers please fix this issue.,positive,0.1499999999999999,Feature Requests
541,"Worst app. It is wise to invest money and you can make it like CBE app. Even the incon has no image. My app has better UI than yours. So, please invest more and hire professional developer companies and improve it.",positive,0.1599999999999999,Feature Requests
542,App needs a lot of work. It continuously crashes and shuts down.,negative,-0.1555555555555555,Account Access Issues
543,Wow! what a disgrace for BOA. The app barely works. Too slow and always returns error.,negative,-0.0416666666666666,Customer Support
544,It is really great to see you have solved some of the problems with the previous version. Thank you for taking time to improve.,positive,0.3166666666666667,Feature Requests
545,"Like I said before, the previous version was horrendous! I'm glad that you took time and decided to develop this awesome app. Well done!",positive,0.4305555555555556,Feature Requests
546,"useless app. bank to bank transactions do not work at all, wallet topups like telebirr take hours to reach. what a shame from a bank this big.",negative,-0.25,User Interface & Experience
547,Definitly better than the privious version but this one crashes frequently and needed to put to sleep on andrioid version 9,positive,0.3,Account Access Issues
548,"why do we need to turn off ""developer options"" in order to use your app, on the new update??? Are we suppose to not use our device for other purposes just so we can use your app? It is not security it is BS. (fix that and I will update my rating)",positive,0.0056818181818181,Feature Requests
549,No feature works correctly. Its always buffering and needs probably high data. So its useless 😏😏😏,negative,-0.1699999999999999,Customer Support
550,When writing amounts z app cannot insert deceimasl so that one cannot transact amounts involving cents !!! A finnacial app to be released without this feature being checked !!!,neutral,0.0,Feature Requests
551,"Stop telling me what to do with my phone, BOA. Why does your newly updated app keep asking me to disable the developer options? I’m not slowing down my phone just to use your God damn app. 🤮🤮🤮🤮",negative,-0.0095959595959596,Feature Requests
552,The latest update has stopped android 9 phones not to open this App. Never work properly since i started using it.,positive,0.1666666666666666,Customer Support
553,"Why Why Why???? it is difficult to make transactions, it takes alot of time to make payments, i thought the update will make it work, but it got worse. please fix it",negative,-0.45,Customer Support
554,After the recent update the application keeps crashing when I tried to open. Please fix.,neutral,0.0,Account Access Issues
555,"I'm sorry but what kind of stupid developer thinks the app will be faster if we disable ""Developer mode""? I've never seen such degeneracy in my entire life, please get rid of this feature",negative,-0.1399999999999999,Feature Requests
556,"This app didn't work. They have a new version (new app) but still not compatible with my Samsung S8+ , which is v.funny.",positive,0.1363636363636363,Customer Support
557,"The worst mob app i have ever seen. Slow, uncomfortable and stupid. It is better to learn from the best app (tele birr). The released updates is even worst.",negative,-0.3,Feature Requests
558,"I'm Sick and tiered of enabling and disabling Developer Option Everytime I use this app. maybe you know it maybe you dont, fix it please it's anoying",negative,-0.7142857142857143,Feature Requests
559,"Better app than most mobile apps, but why do I have to turn off developer option every time I wanna use the app?? It's annoying.",positive,0.0666666666666666,Feature Requests
560,I think this one is better than the prvious one much faster but try to make it more faster like nib and cbe specially nib bake their app is very nice but the bank is not anyways good job on this one,positive,0.5061904761904762,Feature Requests
561,The old version is best. This one is so lagging and it's not fast to quick transfer,positive,0.3333333333333333,User Interface & Experience
562,"This new update really sucks.. Can't even get the chance to put my pin, bugs and everything,please fix it developer",negative,-0.0818181818181818,Feature Requests
563,"the worst app I have ever used, I could've given 5 star if it worked properly even just for logging in and check my accounts. seemed that's impossible",negative,-0.5555555555555555,Customer Support
564,"This is not an appropriate app, i don't know how boa develops this app, i don't expect this much crazy and un confortable app form BOA, I'm soory!!!",negative,-0.25,Feature Requests
565,"Your app doesn't match your bank, the app is disaster, super slow. Please learn something from tele birr app.",positive,0.0166666666666666,Feature Requests
566,"I tried it with different phones, it only worked for about a week and then it stopped working. It needs some serious work.",negative,-0.1111111111111111,Customer Support
567,"The app keeps crashign again and again, i didn't even get to sign in. Worst update!!",negative,-1.0,Feature Requests
568,"As usual the app is ok, but this time i can't update it normally. It lags at 99% all the time. Hope it's fixable.",positive,0.1333333333333333,Feature Requests
569,"Riddled with crashes, cant use it anymore. Very frustrating!",negative,-0.65,Account Access Issues
570,"It's very difficult to use the user, app,ones dawenload the user can't operate well , no one can help me,",negative,-0.65,Feature Requests
571,"Doesn't work properly, keeps closing won't activate any account, I wouldn't recommend downloading",neutral,0.0,Customer Support
572,በጣም የሚያስጠላ አፕ በጣም የወረደ ዜሮ ነው የምሰጠው ዘሮ It's not App it's very slow ehhhh. Why don't you upgrade the app???? It's always zero,negative,-0.39,Feature Requests
573,I was using this app for long time it amazing user friendly UI but the i can't found for get pin button in the app,positive,0.3083333333333333,Feature Requests
574,It keeps asking me to turn off developer mode even when dev mode is off. Couldn't use it.,neutral,0.0,Feature Requests
575,Make it easy and convienient to use and perfect for all to high prefrence and choice.,positive,0.5311111111111111,Feature Requests
576,"Easy and sooo simple to use it, also its easy to stole someones money using the app",positive,0.2888888888888889,Feature Requests
577,"worst app and Bank ever u be ashamed, scammer",negative,-1.0,Feature Requests
578,This app is not available on all android versions and some times it is not functional.,negative,-0.2,Feature Requests
579,"""The choice for all"" It is interesting app,The old one was time spent to open the app. I am with you BoA.",positive,0.125,Feature Requests
580,After recent update the app keeps asking to disable developers options and won't let you use it unless you do.,neutral,0.0,Feature Requests
581,When I try to use the application it says 'developer setting should be off' where is the setting to off this play Still doesn't work for me,neutral,0.0,Customer Support
582,I used to access my Apollo account through the app before the update but now i can't access my Apollo account through this app and for me this is a step taken backwards!!!!!,neutral,0.0,User Interface & Experience
583,the new updated app exception handling for connection fluctuations is so exhausting which lead users to login repeated times.,negative,-0.1318181818181818,Feature Requests
584,Awesome application. But lately its crashing everytime i opened it.,positive,0.35,Account Access Issues
585,Crashes very frequently is not stable overall need improvement such a huge bank needs a better app than the current one,positive,0.1391666666666666,Account Access Issues
586,So unreliable i had to send money asap but this app either laggs or doesn't work such a lazy work look at how efficient tele birr is and its not even a bank,negative,-0.125,Customer Support
587,Preventing login because I have developer options on is not security. Moved all my money somewhere else because I just didn't wanna deal with it,neutral,0.0,Feature Requests
588,"This app has become the most troubling every day. It doesn't work. I love the bank, and I hate the app",positive,0.0666666666666666,Customer Support
589,The poorest mobile banking I have seen in the industry. Is not stable to login and post transactions. Is not attractive. Error reports frequently.,negative,-0.15,User Interface & Experience
590,"This has to be your worst app ever, damm so many bugs and it lags so baddd. Please fix it",negative,-0.25,Feature Requests
591,It keep making me out and crash when i open the app and not working properly,neutral,0.0,Account Access Issues
592,The worst mobile banking app like the previous one. How long it would take for BOA to develop a good app?????? Years or decades?,negative,-0.1291666666666667,Feature Requests
593,Overrated service and recently glitching service system not being able to withdraw funds.,positive,0.25,Feature Requests
594,"my device is not auto inserting The OTP, So keyboard should be enabled on the apps OTP login to insert OTP Manually.",neutral,0.0,Feature Requests
595,I can't use the app unless I turn off developer mode?? What kind of stupid rule is that?? The worst experience for a banking app!!,negative,-0.3999999999999999,Feature Requests
596,"It's good app but the system is not same as CBE bankin mobile When i compare To these apps BOA and CBE, CBE is the best up",positive,0.5666666666666667,Transaction Performance
597,It closes playing audio app when it is opened . What is the solution?,neutral,0.0,Feature Requests
598,Not comfortable with this version. Its hard to down it load Developer option is not allowed to use it as usual.,negative,-0.2243055555555555,Feature Requests
599,It was good and more secured mb app but this new version apk i can't find it on play store will you tell me what i have too do ...please,positive,0.4454545454545455,Transaction Performance
600,BOA Mobile banking is hard to deal with. Very poor app never gets better it keep lagging,negative,-0.1038888888888889,Feature Requests
601,"With every update the app keeps on getting worse,it is filled with bugs",positive,0.4,Feature Requests
602,I don't know why but your apps start out great then all of a sudden don't work🤷‍♀️,positive,0.4,Customer Support
603,You've improved from the previous one! Also try to add dark mode.,negative,-0.1791666666666666,Feature Requests
604,A massive improvement from the previous app. More modern and actually works,positive,0.1066666666666666,Customer Support
605,It crash repeatedly! Try to make it more stable for customers need meet!,positive,0.625,Account Access Issues
606,The app is not showing my balance or any transaction it is like corrupted showing usd amounts,neutral,0.0,User Interface & Experience
607,Just use other banks if you want a good mobile app. CBE is 40X faster and safe than this app.,positive,0.3583333333333333,Feature Requests
608,Crash... glitch... crash... blame connection... crash... crash again. Please fix it,neutral,0.0,Account Access Issues
609,Pls improve your mobile banking app it's doesn't work constantly after i updated the new version of your app try to improve,positive,0.0681818181818181,Feature Requests
610,A painfully slow banking app service. Please don't make it your choice!,negative,-0.375,Feature Requests
611,Please focus on the functionality of the app instead of spending money on the advertisements.,neutral,0.0,User Interface & Experience
612,"Take some note from CBE mobile banking app, it's the best banking app currently take some note and improve ur app . Sometimes u have to learn from the bests 🙌",positive,0.5,Feature Requests
613,This app isn't working well on Tecno phone 📱. what is the error??,neutral,0.0,Customer Support
614,"It's not functional at all. It keeps saying ""error"". Unable to activate.",negative,-0.5,User Interface & Experience
615,It's not working. It needs a big update. Can't you update the app quickly?,positive,0.1666666666666666,Customer Support
616,"Ultimately, the worst mobile banking experience ever left me feeling exasperated and disillusioned.Its a nightmare",negative,-0.3333333333333333,Feature Requests
617,It keeps clashing down What a crass stupid app is this... You forced me to update after I transferred money and now I can't open it,negative,-0.3138888888888889,User Interface & Experience
618,I'm living out of country how may I download and use mobile banking? It asks me the Ethiopia phone number and I can't receive text to confirm because I'm out side the country. So please lete know if I can use while I'm outside the country. Thanks,positive,0.1,Feature Requests
619,This application is relatively good even if some times interpreted.But apolo is difficult application please improve it.,positive,0.0999999999999999,Feature Requests
620,It usually crashes and unable to process also it request to off the developer options,negative,-0.375,Account Access Issues
621,It doesn't function properly!! You don't even deserve one star.. please stop playing your dirty game on your customer...,negative,-0.3333333333333333,Feature Requests
622,"The most useless app, I never expected such an irrelevant app from BOA. big shame!",negative,-0.075,Feature Requests
623,Always slow and doesn't work on weekends if you are in a rush or a merchant this app is not for you,negative,-0.3,Customer Support
624,Always there a problem with this app it says check your connection while connected 😞,neutral,0.0,Feature Requests
625,The app is constantly crashing and freezing when to send to BOA customers' accounts.,neutral,0.0,Account Access Issues
626,"Is this app fake i try it not working it say please try again later, unable to make transactions what is the purpose of this app . If it is not working delete it",negative,-0.3333333333333333,Customer Support
627,Every time needs update & after that it's not working it's too boring,negative,-1.0,Customer Support
628,That's too good application but try to add more alternatives and futures or possibilitys for your customers,positive,0.6,Feature Requests
629,Not yet completely working this App. i don't know when is it will be working properly! Its Sad!!!,negative,-0.2921875,Customer Support
630,"The application is full of bug, so annoying.",negative,-0.225,Feature Requests
631,Boa is the best app but Please Clear Instant or Not instant option of send money be for Asked !!!,positive,0.275,User Interface & Experience
632,It has good features but sometimes it doesn't work...0,positive,0.7,Transaction Performance
633,"The worst mobile banking app, doesn't even work for a week properly.",negative,-0.5,Customer Support
634,When are you going to get rid of this and have a real app that works? By far the worst mobile banking app.,negative,-0.2333333333333333,Customer Support
635,Horrible customer service and app crashes Horrible!!,negative,-1.0,Account Access Issues
636,"This is not functional at all, it takes forever to make a transaction,please improve it.",neutral,0.0,User Interface & Experience
637,The app got a better features and easy to use.,positive,0.4666666666666667,Feature Requests
638,This the best mobile banking App BOA mobile banking included all digital banking features and we can access the most companies and sectors with this App. Thanks for giving this services Keep going .,positive,0.425,Feature Requests
639,It has become the most unreliable mibile banking app ever.,positive,0.5,Feature Requests
640,It's not opening. Really frustrating,negative,-0.4,Feature Requests
641,"Very slow response , try to some updates in the application",negative,-0.39,Feature Requests
642,This App is not interest for Android phone Please update it .,neutral,0.0,Feature Requests
643,Fast and suitable for the customers.,positive,0.375,Feature Requests
644,It's better to say I don't use boa rather than pulling your phone out and opening this app,positive,0.5,Feature Requests
645,"From now on I will never going to use this app,It is a trash app.No one care about this app from bank I will rate them 0/5.",neutral,0.0,Feature Requests
646,Hello is this new update cuz it keeps kicking me out!!!!! can't make a transaction fr!,positive,0.5201859907670454,User Interface & Experience
647,it can't even open and only display error messages,neutral,0.0,User Interface & Experience
648,"Such a junk application, its not working at all. Waste of time",negative,-0.1,Customer Support
649,Very bad app as always bothering any transaction processes.,negative,-0.9099999999999998,User Interface & Experience
650,The worst banking app ever. Never works!,negative,-1.0,Customer Support
651,It keeps crashing and hasn't been fixed,positive,0.1,Account Access Issues
652,considering the fact the bank is huge this app really bad you could do better,positive,0.0666666666666667,Feature Requests
653,"It's not working as it was , so much need to improve, it was the best but not anymore",positive,0.6,Customer Support
654,it just doesn't work...so frustrating,negative,-0.4,Customer Support
655,UGH 🤮🤮🤮 they are super calculative when it CM 2 Mobile-banking or any online stuff. If ur degital!! better chose other bank.,positive,0.2986111111111111,Feature Requests
656,Soo many bugs on this app I haven't been able to use it since I installed it very bad,positive,0.03,Feature Requests
657,OTP should be inserted manually. not working on my phone,neutral,0.0,Customer Support
658,More interactive and easy to use mobile app👌,positive,0.4666666666666667,Feature Requests
659,Great UI and seamless UX. I love it!!,positive,0.5604166666666667,Feature Requests
660,I can't believe that Abyssinia develop this kind of trash app it have a lot of issues 👎👎👎,positive,0.6,Feature Requests
661,You make the app worse . Asif it is update you make us install it as new then you create us problems,negative,-0.1318181818181818,Feature Requests
662,It takes a very long time to log in please fix,negative,-0.065,Feature Requests
663,I couldn't transfer because of bug's its annoying for a bank app nots acceptable,negative,-0.8,User Interface & Experience
664,It's good app tnx for u new update it's very easy to using this app they add some future tnx Abyssinia bank,positive,0.3499242424242424,Feature Requests
665,BoA system is confartable,neutral,0.0,Feature Requests
666,"It says ""Something is wrong with your internet banking user, go to your nearest branch"" It hasn't been working since April 13.",negative,-0.5,Customer Support
667,You guys keeps getting worst,negative,-1.0,Feature Requests
668,User friendly at it's best with the best security option.,positive,0.7916666666666666,Transaction Performance
669,Only problem is often it has connectivity issues.,neutral,0.0,Feature Requests
670,I bought a mobile card on this app but I didn't receive it and it took my money and I didn't get my money back.,neutral,0.0,User Interface & Experience
671,The receipt download option is very convenient.,positive,0.2,Feature Requests
672,More easy and secure fast app than previous one,positive,0.2733333333333333,Feature Requests
673,bro the worst app made by human kind!! as a software engineer it make me so sad seeing enterprise as big as BOA make apps like this. it is a disgrace for our country!!,negative,-0.1125,Feature Requests
674,Whenever I try to sign in app close please fixed it out,positive,0.1,Feature Requests
675,so poor app to use can't start up when open the app,negative,-0.2,Feature Requests
676,Always do update and that is annoying,negative,-0.8,Feature Requests
677,I have been using this app for two years.It is amazing.,positive,0.6000000000000001,Feature Requests
678,What is the purpose or point of not allowing to take a screenshot of the recipe after transferring???,neutral,0.0,User Interface & Experience
679,Very poor app b/c highly slow to open the app,negative,-0.2733333333333334,Feature Requests
680,The update app is the worest one when i compare with past.,negative,-0.25,Feature Requests
681,"Best app, somehow waiting a few minutes",positive,0.4,Transaction Performance
682,It's easy used to operate program and secured 👍👍,positive,0.4333333333333333,Feature Requests
683,"This app crashes everytime, please fix it",neutral,0.0,Account Access Issues
684,Nice app and it's easy to use,positive,0.5166666666666666,Feature Requests
685,It is the worst app that I have ever downloaded. It crushes every time I log in 👎 👎 👎 👎 👎 👎 👎 👎 👎 👎 👎 👎 👎 👎,negative,-1.0,Feature Requests
686,Very poor app. Its Always cresh and not compatible,negative,-0.52,Feature Requests
687,Much better and easy to access then the last boa app,positive,0.3111111111111111,Feature Requests
688,faster bank of Abissinya,neutral,0.0,Feature Requests
689,its best app but its don't working in poor connection area so,positive,0.3,Transaction Performance
690,Very laggy un able to make transactions Fix it,positive,0.35,User Interface & Experience
691,Keeps crashing everytime what a disaster,neutral,0.0,Account Access Issues
692,"Why is the app asking me to remove developer options? Why does it matter what I do with my phone , this is unacceptable! Fix this",neutral,0.0,Feature Requests
693,Best app but after the update the screenshot not working,positive,1.0,Customer Support
694,What's wrong with app suddenly stoped to open?,negative,-0.1666666666666666,Feature Requests
695,"you guys keep on releasing unstable app, now it won't login",neutral,0.0,Feature Requests
696,Simplify your life by using the Abyssinia app I like it because it is comfortable and safe,positive,0.45,Feature Requests
697,Error occurred try again for 5 days tele birr user not found ለራሴ አዝዤ,neutral,0.0,User Interface & Experience
698,The onky defect is that it is too slow,negative,-0.3,Feature Requests
699,it doesnt work it crashes,neutral,0.0,Account Access Issues
700,Not working properly always loading !,neutral,0.0,Customer Support
701,"The worst app. Can't even login to my device. Phone : Pexel7a, version : android 13.",negative,-1.0,Feature Requests
702,Its very slow and fail to load any transaction,negative,-0.445,User Interface & Experience
703,I can't update the enable button not open.,neutral,0.0,Feature Requests
704,Easy and very nice app to load more than the previouse,positive,0.5711111111111111,Feature Requests
705,Frequently crashing fix it please,positive,0.1,Account Access Issues
706,Annoying it doesn't work totally,negative,-0.4,Customer Support
707,You have made a great application that is easy to use,positive,0.6166666666666667,Feature Requests
708,95% of the time it crashes,neutral,0.0,Account Access Issues
709,Tnx for updating the app its easy and fadt,positive,0.4333333333333333,Feature Requests
710,It is easy to use and very fast app,positive,0.3466666666666667,Feature Requests
711,Nice looking app but a terrible user experience.,negative,-0.2,Feature Requests
712,Not reliable always with some issues,neutral,0.0,Feature Requests
713,The updated version is nice one BOA always #1 bank,positive,0.6,Feature Requests
714,all the time updated but im not satisfy by boa mobile bancking 😡😡😡,neutral,0.0,Feature Requests
715,The most terrible mobel banking app in the world it is not working ones in a week,negative,-0.25,Customer Support
716,Why do u force me to Turn OFF developers option just to use your app its not fair and am not using ur app anymore,negative,-0.35,Feature Requests
717,"I can not open and use the application,please help me!",neutral,0.0,Feature Requests
718,worst banking app i have ever used. Try to modify it,negative,-1.0,Feature Requests
719,The application is extremely slow.,negative,-0.3,Feature Requests
720,This new version of the app is really great. Loved it!,positive,0.6037878787878789,Feature Requests
721,Was good at first but now i couldn't reach my apollo account in the mobile banking app,positive,0.475,Transaction Performance
722,What is that disable developer option I have never seen any app commands.,neutral,0.0,Feature Requests
723,The App's crash always.. Error.....,neutral,0.0,Account Access Issues
724,Great UI UX Design !!!,positive,1.0,Feature Requests
725,It is not downloading. It stops at 79 % . Why ?,neutral,0.0,Feature Requests
726,The keyboard not Working please fix it,neutral,0.0,Customer Support
727,"It's not working totally, what a useless app is it,",negative,-0.25,Customer Support
728,i find it interesting specially in reciept downloading,positive,0.4285714285714286,Feature Requests
729,This app is going to the worest boa app ever😡 It crushes every time login.,neutral,0.0,Feature Requests
730,Always error occured. The worst app ever,negative,-1.0,Feature Requests
731,It's not working for 3days. Come on as a big bank in Ethiopia this is unprofessionallism from boa,neutral,0.0,Customer Support
732,"screenshot isn't working, Please modify it",neutral,0.0,Customer Support
733,good App and user friendly.,positive,0.5375,Transaction Performance
734,Poor application. It turned off by itself,negative,-0.4,Feature Requests
735,After update it doesn't work well,neutral,0.0,Customer Support
736,It's good when i've downloaded at first. But now it doesn't work well,positive,0.475,Customer Support
737,Is it necessary to switch off developer options every time to use mobile banking?🤔🤔😡😡😡,neutral,0.0,Feature Requests
738,It is always crushing it loged me out all the time,positive,0.4,Feature Requests
739,"How many hours should I wait after transferring money to telebirr, please do something about the transfer delay issue I need my money when ever.",positive,0.5,User Interface & Experience
740,This app is so annoying as the previous version.,negative,-0.4833333333333333,Feature Requests
741,Fast and reliable,positive,0.2,Feature Requests
742,It doesn't work on my 2 devices A05 and A34 😡,neutral,0.0,Customer Support
743,"I mean how could a big financial company like this, be this much irresponsible to release this app? You should be ashamed!",negative,-0.015625,Feature Requests
744,This application isn't working properly,neutral,0.0,Customer Support
745,አንድ star ራሱ ይበዛበታል። i dont recomend to use this app also the bank,neutral,0.0,Feature Requests
746,I need a support the app is not working,neutral,0.0,Customer Support
747,Plz fix the Apps ....screenshot lovation hide from glarey share botten not work😔😔,neutral,0.0,Customer Support
748,it's so slow app please fix it,negative,-0.3,Feature Requests
749,Update to the simplest way it requires the developer option on and off why this is,neutral,0.0,Feature Requests
750,Great app with great services,positive,0.8,Feature Requests
751,slow only some times the wey it is veary nice app,positive,0.0999999999999999,Feature Requests
752,BoA Mobile good bank,positive,0.7,Transaction Performance
753,How to download or screenshot of payment receipt...what kinda worst app ever 🤮🤮🤢,negative,-1.0,Feature Requests
754,"From Ethiopian Internet banking Abbisiniya Internet banking application is the most worst boring and slower app, please fix that",negative,-0.5,Feature Requests
755,I think I remember it worked once upon time...,neutral,0.0,Customer Support
756,"It is so bad apps ,it doesn't work",negative,-0.6999999999999998,Customer Support
757,It's not functional at all,neutral,0.0,Feature Requests
758,The poorest mobile banking survice ever. Only error reports frequently,positive,0.05,Feature Requests
759,"It's nice, the stack thing needs update thou",positive,0.6,Feature Requests
760,The app is not properly working.,neutral,0.0,Customer Support
761,Absolutely it's fantastic apps this New apps it's fast and good apps,positive,0.359090909090909,Transaction Performance
762,It is good &fast to open!!,positive,0.3,Transaction Performance
763,so far good but always it lugs,positive,0.3999999999999999,Transaction Performance
764,Is not working both this one and apollo did u make it better pls am gonne stop using this bank because of the mobile banking,positive,0.5,Customer Support
765,"I am Aimohon Joel , It's can be Good for a Better Conversation in Time 🙂",positive,0.6,Transaction Performance
766,Very good app its easy to use,positive,0.6716666666666666,Transaction Performance
767,It's very good but sometimes isn't work probably,positive,0.91,Transaction Performance
768,but not opening on android,neutral,0.0,Feature Requests
769,It always crashes,neutral,0.0,Account Access Issues
770,It doesn't work at all.,neutral,0.0,Customer Support
771,I don't get why this app is developed it is not functional at all !!,positive,0.15625,Feature Requests
772,Almost better compared to cbe where it is not qualified for,positive,0.5,Feature Requests
773,The previous version is better it doesn't work,positive,0.1666666666666666,Customer Support
774,You should include manual OTP input!,neutral,0.0,Feature Requests
775,Sorry to say it is very poor apps I have decided to suspend the BoA account,negative,-0.51,User Interface & Experience
776,there is no speed,neutral,0.0,Feature Requests
777,Improved to be the best,positive,1.0,Transaction Performance
778,i can't use this app why?,neutral,0.0,Feature Requests
779,The new version is really nice. Keep it up,positive,0.3681818181818181,Feature Requests
780,The app is not good need a few work,negative,-0.275,Transaction Performance
781,it keeps crashing,neutral,0.0,Account Access Issues
782,This app is not working!!,neutral,0.0,Customer Support
783,best banking app in the wworld,positive,1.0,Transaction Performance
784,The Bank I always love 😘 and work with them is priceless,positive,0.75,Customer Support
785,Not work this app ...what is the problem,neutral,0.0,Customer Support
786,I can't dijitalize my atm in the apollo app on my phone,neutral,0.0,Feature Requests
787,It keeps on crashing,neutral,0.0,Account Access Issues
788,"thank you for your social services like, vertual banking, non touch ATM, Cadrless and withdrwal with out passbook...",positive,0.0333333333333333,Feature Requests
789,Please try another because this app doesn't feet the need of this generation,neutral,0.0,Feature Requests
790,"Horrible, your apps are getting worse and worse",negative,-0.6,Feature Requests
791,Very Fast And attractive App,positive,0.53,Feature Requests
792,Your system is the worst you should do better😡😡😡😡😡😡,negative,-1.0,Feature Requests
793,Not working on this days,neutral,0.0,Customer Support
794,this app is not available,negative,-0.2,Feature Requests
795,Good but not working top up,positive,0.6,Transaction Performance
796,Poorly functioning app,negative,-0.4,Feature Requests
797,The dirtiest application ever seen...,neutral,0.0,Feature Requests
798,The is not functional at all?,neutral,0.0,Feature Requests
799,ምን ሆናችው ነው ግን ?በጣም ቀርፋፋ ነው፡ቢያንስ እንኳን እንደ Apollo ቢፈጥን ። I'm more 15years customers in your bank but due your Application i decide to shift for other bank like CBE OR TELEBIRR PLEASE FIX THE SPEED,positive,0.0833333333333333,User Interface & Experience
800,Not working properly why?????????,neutral,0.0,Customer Support
801,"i can't recommend the Dashen Super App enough! This app is truly a game changer for anyone looking for a seamless and efficient way to manage their daily life. It combines multiple essential services into one easy-to-use platform, saving time and simplifying tasks The user interface is modern, intuitive, and super responsive, making navigation a breeze. Whether it's banking, payment services, or accessing lifestyle features, everything is just a few clicks away!!",positive,0.0254166666666666,Feature Requests
802,"The new mobile banking application is a major upgrade! It’s incredibly user-friendly, with a clean and modern design that makes navigation simple and intuitive. I really appreciate how fast it loads and how smooth the overall experience is. All essential services like balance checks, transfers, and bill payments are eas y to find and use. The added security features give me peace of mind, and the app runs reliably without crashes or glitches. It’s clear a lot of thought went into the user experi",positive,0.2150962752525252,Feature Requests
803,"The Dashen Bank Super App has truly elevated my mobile banking experience. It's fast, user-friendly, and packed with all the essential features. The interface is clean and intuitive, making navigation easy even for first-time users. I also appreciate the added security features that give me peace of mind while banking on the go. Dashen Bank has done an amazing job with this app—it’s reliable, efficient, and always improving. Highly recommended for anyone looking for seamless digital banking!",positive,0.2437037037037037,Feature Requests
804,"Dashen Super App is a game-changer! It’s fast, user-friendly, and packed with features that make everyday banking and transactions super convenient. I love how everything I need from mobile banking to utility payments is all in one place. The interface is clean, and everything works smoothly. Definitely one of the best apps out there. Highly recommended!",positive,0.312962962962963,Feature Requests
805,"I have been using the Dashen Supper app mobile banking app , and overall, I appreciate its features.However,I’ve noticed that when I turn on the developer options on my device, the app stops functioning properly. It would be great if you could look into this issue, as I often need to access developer settings for other applications . Thank you for your attention to this matter!",positive,0.1609375,Feature Requests
806,"This banking superapp is incredibly well designed. The design and appearance of the app and the overall experience I have when using the app is fantastic. The app is packed with features from banking to e-commerce all in one place.It even has a budget setting option which is super useful for managing my money. Everything runs smoothly and I love how convenient it has made my daily life. Huge Kudos to Dashen Bank. You are truly living up to the motto ''Always one step ahead."" Keep it up!",positive,0.3703703703703704,Feature Requests
807,"The Dashen Super App offers a quick and user-friendly experience, bringing together a variety of services, like budgeting, payments, airtime recharges, and more, all in one convenient platform. Its sleek design and intuitive navigation ensure effortless transactions. It's evident that Dashen Bank has carefully crafted the app to make everyday financial activities easier. A great choice for anyone aiming to streamline their digital routines!",positive,0.2016666666666666,Feature Requests
808,"Game changer app! Dashen Bank Super App is fast, secure, and easy to use. The three-click payment makes sending money super quick, and the QR code payment is perfect for cashless shopping. I also love the biometric login and easy airtime and bill payments. Everything I need is in one place. Dashen Bank has really raised the bar for digital banking in Ethiopia. Highly recommended!",positive,0.2974358974358975,Feature Requests
809,"A solid step forward by Dashen Bank. The SuperApp combines essential banking features with lifestyle services, making everything accessible in one place. The interface is smooth, and transactions are quick and reliable. It’s clear a lot of thought went into the design and functionality. Great job!",positive,0.3154761904761905,Feature Requests
810,"I had a disappointing experience with Dashen Bank's Super Up service. The app is very slow and takes forever to load during transactions, which is incredibly frustrating. Additionally, it doesn't generate receipts for any transactions, making it difficult to keep track of my expenses. I also reached out to customer support, but the response time was longer than expected. Overall, I was hoping for a better experience, but I find the service lacking and in need of improvement.",negative,-0.1445833333333333,User Interface & Experience
811,"I’ve been using the Dashen Bank Super App for a while now, and it’s been a game-changer. The app is super fast and reliable—I’ve never had an issue with transactions being delayed. One of my favorite features is the chat banking, which makes it so easy to do things like check my balance or transfer money just by typing a quick message. The budgeting tool is also really useful. It helps me keep track of my spending and gives me a clear picture of where",positive,0.3166666666666666,User Interface & Experience
812,"As an Internal Customer, Dashen Bank SuperApp has greatly simplified my online banking experience. It's easy to use, allowing me to quickly check balances, transfer money and pay Bills. The app's advanced security features are highly secure, ensuring my data is well protected. The Three click, Chat Banking and IPS features have also given me a smarter experience. In deed Dashen Bank is always steping ahead!",positive,0.4111111111111111,Feature Requests
813,"Greately improved since it was released! I really like the budget and expense tegistration feature. For ATM or POS withdrawals, it is not possible to account these expenses, even if it is visible on the transactions window. If that can be worked on, it will be improve so much!!",positive,0.1708333333333333,User Interface & Experience
814,"A truly impressive app — user-friendly and a game-changer in Ethiopian banking. The Dashen Super App stands out as one of the most innovative and convenient digital banking solutions in Ethiopia’s financial history. Smooth navigation, seamless features, and a wide range of services all in one place. Well done!",positive,0.3009259259259259,Feature Requests
815,"there is nothing super about this app, repeatedly failed transaction and wastes customer valuable time. if you have to do system upgrade do it at a time when there is less traffic demand. your Technical difficulty should not be reflected on customer.",negative,-0.1066666666666666,Feature Requests
816,"This app is the most unreliable mobile banking application I have ever used for transaction, it is very late, non-responsive and full of bugs. Its is very disappointing. It is just inconvinient, and not user friendly and compatabke at all !!!!!!",positive,0.1359999999999999,Feature Requests
817,"""Dashen Super App'' is impressive with its focus on simplicity, speed, and quality. The user interface is clean and easy to understand. Transactions process quickly, and the overall quality of the app is top-notch. A must-have for Dashen Bank customers. ዳሸን ባንክ አንድ እርምጃ ቀዳሚ።",positive,0.4952380952380952,Feature Requests
818,"Dashen SupApp is the most contemporary application, offering a great experience by enabling users to perform multiple tasks through a single platform—such as chatting with friends, transferring money, paying bills, and more. It is the first app of its kind in the Ethiopian banking industry, making it a remarkable opportunity for entrepreneurs working in app-based sales and software marketing. Good job, Dashen Bank!",positive,0.4370238095238095,User Interface & Experience
819,"This app is not supporting smart phones that have old android version and so it is none inclusive. At the same time the amole lite is not working properly and once you reached to maximum otp trail mistakes due to network or other errors like stacks , you will be tied up to make Transactions. Ohh... tired!!!!!",negative,-0.1325892857142857,Customer Support
820,"The app is incredibly handy for managing multiple financial tasks, from bill payments to managing budgets. It’s saved me a lot of time and made banking way more convenient. Definitely worth checking out!",positive,0.295,Feature Requests
821,"Dashen Bank Super App is a game-changer! The user-friendly design, wide range of services, and smooth performance make it incredibly convenient for everyday banking. It’s fast, secure, and truly reflects the bank’s commitment to digital excellence. Highly recommended!",positive,0.2462962962962963,Feature Requests
822,"This is not only a mobile banking app, it is beyond that. We will access our account easily, we are able to get many information easily here. i.e. exchage rate. We are able to chat with others, we are able to budget, we are able to transfer to other bank and within Dashen. we are able to access many accounts in a single app, we are able to pay bills in QR scan, we are able to make payments and order delivery items here in a single app. #Always one step ahead.",positive,0.339920634920635,Feature Requests
823,"I am very impressed with the Dashen super app. It is user-friendly and operates efficiently. The budget and chatbot features are impressive, and all items can be purchased with just three clicks.",positive,0.7777777777777777,Feature Requests
824,"Dashen SuperApp the ultimate all-in-one solution! From banking and shopping to bill payments, everything you need is right at your fingertips. Life just got a whole lot easier!",positive,0.1785714285714285,Feature Requests
825,I have used many mobile banking and also tellebir and mpesa nothing come close to this app. Well done Dashen indeed one step a head. A lot of cool features that amole hasn't the receipt and the account statement is superb for me. I hope you add more integrated small apps to.,positive,0.42,Feature Requests
826,"The App is incredibly user-friendly and brings multiple services into one place. It's fast, intuitive, and makes daily tasks super convenient. A true all-in-one solution!",positive,0.3118055555555555,Feature Requests
827,"After i download the app recently had a smooth expriance, its user friendly, fast, and everything works as expected. keep up the good work.",positive,0.2625,Customer Support
828,"The Dashen Super App is a game-changer in digital banking, offering a seamless and convenient experience. With its user-friendly interface, fast transactions, and a wide range of financial services, it simplifies banking for customers. Features like bill payments, fund transfers, mobile top-ups, and loan applications make it an all-in-one solution. Plus, its security measures ensure safe and reliable Experiance effortless banking",positive,0.1476190476190476,Feature Requests
829,"This is the worst mobile banking experience I’ve ever had. It doesn’t work when you need it, and it randomly updates itself without warning. You can’t make transactions whenever you want. It’s a nightmare for anyone who relies on this as their main banking option, especially those with a lot of money in their account. I’m lucky I’m not one of them, but still, it’s infuriating not being able to access your money when you need it.""l",negative,-0.1571428571428571,User Interface & Experience
830,"This super app is a total game-changer—fast, reliable, and packed with everything I need in one place. It’s seamless and super convenient. Love it!""",positive,0.2783333333333333,Feature Requests
831,"Smooth and secure experience transfers, bill payments, and tracking expenses are all effortless. The intuitive design makes banking on the go.",positive,0.4,User Interface & Experience
832,"Banking, but make it smart. Local solutions, all in one place. Smooth, fast, and actually saving time. Feels like the future. Love it!",positive,0.2056122448979591,Feature Requests
833,"The app keeps getting better with every update! Smooth performance, great UI, and top-notch security. Thank you for making banking so convenient!""",positive,0.70625,Feature Requests
834,"I'm really impressed with this app! It’s user-friendly, runs smoothly, and has all the features I need. Makes my tasks so much easier and saves me a lot of time. Highly recommended!",positive,0.4499999999999999,Feature Requests
835,"It is,really super because of its unique offerings to individuals and businesses.It is a secure UX first app intended to cater comprehensive digital meeds.I am also happy to know that Dashen is considering to make the app more inclusive by lowering the mobile version requirements .",positive,0.3797619047619047,Feature Requests
836,Nothing is changed in the updated version. You have been collecting comments but where is the feed back you improved in this version. superapp is mot functioning today.,neutral,0.0,Feature Requests
837,"Super Up is the ultimate digital banking app, living up to its name with speed, efficiency, and innovation. Designed for a seamless experience, it offers lightning-fast transactions, top-tier security, and effortless financial management. With Super Up, banking has never been this smooth, smart, and super!",positive,0.1897619047619047,Feature Requests
838,Its good app than other compitators but it confuse when we transfer it needs OTP and PIN most user inter their pin instead of OTP we know the litrecy level of our society so if it is device based i dont know the needs of OTP so please try to fix,positive,0.3583333333333333,Feature Requests
839,"Db sup app is A platform or an application that can grasp more satisfactions through fastest mode of operation which means for budget planning, to use QR code(scan, pay, go) chat with staff, acc to acc other bank ft, merchant payment, and easly. I addition to i satisfied and i invite everyone to use those platform!!.",positive,0.3854166666666667,Feature Requests
840,"The Dashen Super App delivers a remarkably fast, highly secure, and exceptionally user-friendly experience, establishing it as a leading application in its category.keep it up and stay ahead Dashen Bank.",positive,0.4,Feature Requests
841,"The app has various usefull functions, which make easy the payment system. Also, it will connect with sellers having reasonable prices.",positive,0.2111111111111111,Feature Requests
842,"one of the best digital platforms I've used! from smooth transactions to a seamless shopping experience, highly recommended.",positive,0.3319999999999999,Transaction Performance
843,"One of the best digital platforms I’ve used! From smooth transactions to a seamless shopping experience, Highly recommended",positive,0.3319999999999999,Transaction Performance
844,"Dashen SuperApp is a lifesaver! Banking, shopping, and bills in one super easy app. The new e-commerce feature is awesome and supports local merchants. Fast, secure, and proudly Ethiopian.Download it now—you won’t regret it!",positive,0.4378787878787878,Feature Requests
845,I wanted to share some concerns about your Supper App. It appears to be experiencing reliability issues and isn’t performing as expected. I hope this can be addressed soon to improve the user experience. One star 🌟 for now.,negative,-0.1,Feature Requests
846,"A game changer in Ethiopian digital banking fast, secure, and packed with services. Everything you need, all in one powerful app. A true leap toward financial convenience and innovation!",positive,0.1214285714285714,Feature Requests
847,"A powerful, local solution that rivals any global app. I love how easy it is to explore services and products.",positive,0.2466666666666666,Feature Requests
848,"It is a very user friendly, attractive user interface, full of useful features. I really encourage everyone to give it a try.",positive,0.3708333333333333,Feature Requests
849,Dashen Super App contains extended selections for customers and can be easily accessible and also friendly to use.,positive,0.3611111111111111,Feature Requests
850,"The Dashen Super App offers a modern, user-friendly experience that leverages the latest technological advancements to deliver a seamless e-commerce platform",positive,0.2466666666666666,Feature Requests
851,"I have an incredible experience with Dashen super app, what an amazing platform is it?. keep pioneering in technological advancement 👏👏👏",positive,0.6111111111111112,Feature Requests
852,"The user experience is seamless, and everything just works perfectly right out of the box. I can’t believe how much time and effort it saves me every day.",positive,0.1952380952380952,Customer Support
853,The app has great user interface with comprehensive payments and E-commerce platforms. And also it includes unique features such as chat Banking and budget.,positive,0.3916666666666666,Feature Requests
854,Excellent banking app for all your needs! Who needs a physical branch when you can use Dashen Bank Super App Instead! I've never had an issue with anything that Dashen Bank Super App haven't handled swiftly and resolved to my satisfaction and above I don't often write reviews but this is an app/bank that I would highly recommended to everyone 💯 👌👍,positive,0.3183333333333333,Feature Requests
855,"It has a great application features from the beginning. I'm glad to use it even I haven't used it yet because I haven't activated my account yet. But it's simple, comprehensive, full of information, and fast. በርቱ ዳሸኖች: The super app has impressed me more than I expected.",positive,0.3981481481481481,Feature Requests
856,"Feature-rich? Absolutely. But the speed? Painfully slow. Seriously, is it communicating with a server on Mars or something?",negative,-0.1444444444444444,Feature Requests
857,It's slow to send OTP. it's not reliable. It crushed many times. It needs improvement in many ways,positive,0.15,Feature Requests
858,dashen bank super up has very fast and convenience and also it has contain more things on one app .I am very interesting to use dashen bank super up,positive,0.4153333333333333,Feature Requests
859,it has clear detail information about the application so it helps customer how to use the app. and it is very easy to use and also app is secure.,positive,0.3544444444444445,Feature Requests
860,"Dear Users of the Dashen Bank Super App,I have been using the Dashen Bank Super App for a while now, and I must say—it’s truly a game-changer! The app is incredibly fast and reliable; I’ve never encountered any delays with my transactions. One feature I absolutely love is Chat Banking. It makes everyday tasks like checking my balance or transferring money as simple as sending a quick message. Also, the budgeting tool has been a huge help in tracking my spending and giving me a clearer",positive,0.2479166666666666,User Interface & Experience
861,"I have experienced on using the app of Banks in Ethiopia, this Dashen sup is like old version of the applications for using. I gave 3 star for it's very low speed while login and processing",positive,0.3,Feature Requests
862,The app is very backward and doesn't always work. If it works three hours out of 24 hours it's great!😥,positive,0.2,Customer Support
863,"Highly impressed! Dash Bank really nailed it with this app. Secure, reliable, and packed with features I use daily",positive,0.4,Feature Requests
864,"It is very slow and it lacks many features to be a super app. High rating is given by their employees, not by the customers.",positive,0.1508333333333333,Feature Requests
865,one of the best digital platforms I’ve used! From smooth transactions to a seamless shopping experie,positive,0.375,Transaction Performance
866,"the very easy, secured, fast and multifunctional dashen supper application I ever seen. dashen really one steps ahead!!!",positive,0.3846527777777778,Feature Requests
867,I was really amazed by the idea of an e-commerce service on a banking app. This is what it means to be one step ahead. Please include all kinds of products in there as soon as possible.,positive,0.1,Feature Requests
868,This app is not working unless you turn off developer mode on your phone. So it takes your rights to just use it.,neutral,0.0,Customer Support
869,"Exceptional digital experience, SupperApp will bring new paradigm shift in the banking business. Bravo Dashen keep it up!!!!",positive,0.3331952335858585,Feature Requests
870,"All-in-one convenience, From managing accounts to paying bills and shopping online and the chat banking is game changer, this app does it all seamlessly.",negative,-0.15,User Interface & Experience
871,"Dashen Super App isn’t just an app — it’s an experience. Effortless, powerful, and built for the future",positive,0.2111111111111111,Feature Requests
872,Nice app but i experience some issues with others banks transfer it keeps saying account is not exist most of the time.,positive,0.55,User Interface & Experience
873,"It has good feature. But, it is Very Slow! difficult to pay or receive. The Speed should be improved, else I didn't recommend.",negative,-0.0958333333333333,Transaction Performance
874,It has a Good performance but need more upgrade for more performance like when we login account not be fast balance show other thing looking good. Carry on. Thanks so much for Greatest service,positive,0.4305555555555556,Transaction Performance
875,"I choose Dashen Bank Super Up since, it is easy to use & it has attractive features !",positive,0.5888888888888889,Feature Requests
876,"dashen bank supper app is the most easy to use and have high speed,quality and I like features like chat,budget,fuel payment, and security for my opinion this product is techonolgy edge,this international standard thanks for product oweners (dashen bank)",positive,0.2155555555555555,Feature Requests
877,"All-in-one finance & e-commerce super app! Pay, save, shop seamlessly. Fast, secure. #BankAndShop",positive,0.3388888888888888,Feature Requests
878,"A must have, seamless, all in one digital platform ""DB Superapp""! Keep living your motto ""Always one step ahead""",positive,0.05,Feature Requests
879,Amazing app super easy to use and best design. loved it.,positive,0.6133333333333333,Feature Requests
880,"Dashen bank app is very good, but sometimes it is not working well",positive,0.91,Transaction Performance
881,"Dashen SuperApp blends finance, shopping, and daily services effortlessly. The new e-commerce feature is smooth and supports local merchants—proud to back an Ethiopian-made solution!",positive,0.1072727272727272,Feature Requests
882,The new e-commerce feature is incredibly amazing and user friendly.,positive,0.3704545454545454,Feature Requests
883,I am highly excited by using this application and it is the most favorable as well as preferrable mobile app.,positive,0.4375,Feature Requests
884,making transactions has never been easier. the new update is just amazing,positive,0.3681818181818182,Feature Requests
885,Dashen Super App gives me an amazing convenience and makes life easy.,positive,0.4555555555555555,Feature Requests
886,"Dashen Bank super App is the most suitable, reliable, and fast digital banking system.",positive,0.3166666666666666,Feature Requests
887,"This is the best app ever, when is it planned to include digital lending and gasification?",positive,0.5,Transaction Performance
888,nice app especially GUI and I have got some error when you send within dashen bank the receipter is not get SMS notification,positive,0.3,Feature Requests
889,", Dashen Bank Supper App is multipurpose, convenient, very attractive and Make life easier",positive,1.0,Feature Requests
890,Effecting payment via the app has created convenience to the recipients in easily confirming the payments received!,positive,0.5416666666666667,Feature Requests
891,I really like this amazing application and Dashen Supper app that has made my life easier.,positive,0.4,Feature Requests
892,this apps have a good feature but but some features like developer mode turn off irritate user,positive,0.7,Feature Requests
893,Easy to use and has many options. It is the best financial app I have ever used.,positive,0.4833333333333333,Transaction Performance
894,Incomparably user-friendly and fast app for mobile banking.,positive,0.3,Feature Requests
895,very disappointing app. Closes frequently and unstable in function,negative,-0.34,Feature Requests
896,Dashen bank super app is the crucial and convenient app in Ethiopia. there is no other app to compare with Dashen bank super app,positive,0.1822916666666666,Feature Requests
897,It is very fast and secured mobile banking app! I like this app!,positive,0.40625,Feature Requests
898,Assefa Genetu = Dashen superup is the latest and inclussive .I am happy with this super up.,positive,0.5444444444444444,Feature Requests
899,"Dashen Bank Super Up,use the app and makes your easy,fast,convinent.",positive,0.3333333333333333,Feature Requests
900,dashen super app is simple faster and reliable.,positive,0.1666666666666666,Feature Requests
901,It's bad for the connection and too many days are it that not working,negative,-0.0999999999999999,Customer Support
902,"It's great! But it will be advanced if you include a caption that allow customers to transfer to Telebirr account. Dashen Bank, ""ኩሉ ግዜ፡ ሓደ ስጕሚ ቀዳሚ።"" (Always one step ahead!)",positive,0.75,User Interface & Experience
903,"This app is literally the best thing ever The chat banking is so easy just text and it’s done Super smooth, fast, and honestly a life saverIf you haven’t downloaded it yet you’re missing out big time",positive,0.3458333333333333,Feature Requests
904,The app missed some important features 1. It does't show recent transactions 2. Transfer to Telebirr limited to own telebirr 3. The statement does't show running balance,positive,0.2321428571428571,User Interface & Experience
905,"best ever digital banking sector essay for understanding ,smart and convince for using",positive,0.4047619047619047,Feature Requests
906,"Fast, reliable and user friendly. Amazing chatting features. Keep it up! Always one step ahead!",positive,0.5041666666666668,Feature Requests
907,"It grows ethiopian digital banking step ahead.All fetures in one,simple fast and convince.",positive,0.1,Feature Requests
908,"#dashen super app is easy to use, secure & fast transaction😍",positive,0.3416666666666666,Feature Requests
909,"The Dashen supperapp is a revolutionary advancement in digital banking, combining exceptional usability, an intuitive interface and a seamless user experience. among its standout features are the integration of QR codes, account statement, transaction advise, chat, transaction authentication for limit thresholds, budgeting and different app in a single dashboard. Truly ahead of the curve ..... keep up the excellent work 🤝👏",positive,0.2825396825396825,User Interface & Experience
910,An app with High performance and advanced features!,positive,0.33,Feature Requests
911,"Fast, Reliable and User Friendly. Keep it Up",positive,0.2875,Feature Requests
912,no working for me hulum information asgebiche continue or accept yemilew button ayeseram my phone is Samsung A51,neutral,0.0,Feature Requests
913,this app is the most simply to use and secure safe i love it to use for any bank transaction,positive,0.38,Feature Requests
914,"amazing features, faster and easy to use",positive,0.5166666666666667,Feature Requests
915,Super Easy To Use and Fast Transaction.,positive,0.3222222222222222,Feature Requests
916,All in One ✍️secure ✍️reliable ✍️convenient. Digital banking game changer!!,negative,-0.3125,Feature Requests
917,it so fanrastic and user friendly app. Bravo Dashen bank thanks.,positive,0.2875,Feature Requests
918,To join digital world use supper app and make your life easy,positive,0.2166666666666666,Feature Requests
919,Amazing app to use as usual! But why option of transferring to Telebirr and M pesa which was available on Amole app is omitted?? Dasheen is my favourite keep it up.,positive,0.2291666666666667,Feature Requests
920,"Simple, robust features? Yes, please! But the endless loading screen killed the fun—I couldn’t use it for days. Fix the glitch, and I’ll yeet a higher rating!",negative,-0.003125,Feature Requests
921,"#Dashen Super App; Super easy to use, secure, and fast transaction. Love it!",positive,0.3875,Feature Requests
922,"Excellent and user friendly App. Excellence is what makes you always one step ahead. Dashen Bank, Always One Step Ahead !!",positive,0.79296875,Feature Requests
923,So far so good! their in person customer service is amazing 👏,positive,0.525,Feature Requests
924,the chat banking and unique and only app that alow money request!!,positive,0.1875,User Interface & Experience
925,"I tried the new Dash Bank Super App today, and it's amazingly easy and fun.I recommend you download and use it. You really like it",positive,0.2757575757575757,Feature Requests
926,"Dashen Bank Super App is fast, reliable, and super easy to use. All my banking needs are handled smoothly in one place. Clean design and seamless experience – highly recommended!",positive,0.2958333333333334,Feature Requests
927,easiness to use with fast response time,positive,0.2,Feature Requests
928,It is very easy to use and powerful application.,positive,0.4316666666666666,Feature Requests
929,dashen super app is secure band very easy,positive,0.4322222222222223,Feature Requests
930,I love it. one of the best mobile banking app in the banking industry,positive,0.75,Feature Requests
931,"Best UI mobile banking app, props to design team",positive,1.0,Transaction Performance
932,Massive upgrade from the Amole app.,neutral,0.0,Feature Requests
933,"The best of best is now arrived **Empowering Your Financial Freedom** ""Experience seamless banking at your fingertips with Dashen Bank. Empowering your financial freedom, anytime, anywhere!"" **Innovation Meets Convenience** ""Dashen Bank Mobile Banking: Where innovation meets convenience. **Secure and Reliable** ""Bank with confidence",positive,0.4166666666666667,Feature Requests
934,This is the best banking app ever. I recommend everyone to use it.,positive,1.0,Transaction Performance
935,this app better than Amole . but the biometric on new update doesn't work,positive,0.3181818181818182,Customer Support
936,A fantastic product!! keep the good work.,positive,0.6625,Transaction Performance
937,Great for everyday banking and payments on the go,positive,0.3,Feature Requests
938,A Good and fast supper app thanks for dashen bank,positive,0.3666666666666666,Feature Requests
939,Its slow when i try to see the Recent Transaction and stucked,negative,-0.15,User Interface & Experience
940,"easy &,simple to use",positive,0.2166666666666666,Feature Requests
941,why does it ask me for both pin and opt even the opt is touch let alone both,neutral,0.0,Feature Requests
942,its features are so dynamic,neutral,0.0,Feature Requests
943,"It's an amazing app that is up-to-date with the times, wow wow",positive,0.2666666666666666,Feature Requests
944,fast &Friendly user Application.,positive,0.2875,Feature Requests
945,Dashen supper App is the most useful app for our customers,positive,0.4,Feature Requests
946,"Waw, It's amazing app. thank you Dashen Bank.",positive,0.6000000000000001,Feature Requests
947,Add the option to send money to any telebirr account like amole does.,neutral,0.0,User Interface & Experience
948,The app is good but it ask update every week so tiring,positive,0.7,Transaction Performance
949,Dashen supper app is the most special. ይምቾቱ ይለያያል!!!!,positive,0.6859654017857143,Feature Requests
950,convenient and fast,positive,0.2,Feature Requests
951,excellent mobile banking app,positive,1.0,Feature Requests
952,It is an amazing application that meets the needs of customers.,positive,0.6000000000000001,Feature Requests
953,wawwwww what nice super app !!keep it up dashen bank !!,positive,0.7069010416666666,Feature Requests
954,"This app has everything I was looking for, dashen is becoming a grandmaster.",positive,0.45,Feature Requests
955,"This App makes digital banking effortless and convenient. User-friendly interface, secure transactions, and excellent features for managing finances efficiently.",positive,0.4666666666666666,Feature Requests
956,The best app ever in finance sector,positive,1.0,Transaction Performance
957,"Dashen Super app is secure, very easy to use and has more services uniquely like budgeting, chat, IPS...",positive,0.4343333333333333,Feature Requests
958,Really the app looks like amazing. I can't wait to activate in the morning.,positive,0.4,Feature Requests
959,Excellent app ever but it needs improvement on speed and transaction lists,positive,1.0,User Interface & Experience
960,It is so far so good it has a unique features than telebirr good job Dashen,positive,0.4687499999999999,Transaction Performance
961,Amazing and user friendly supper app and looking forward the additional features,positive,0.4875,Feature Requests
962,"It is a very wonderful work that has saved its time. That is why it is ""Always one step ahead!""",positive,1.0,Customer Support
963,I don't know what happens but the application is not send verification pass code you should fix that,neutral,0.0,Feature Requests
964,"Dashen super app is easy to use, fast and robust",positive,0.3222222222222222,Feature Requests
965,I wish dark mode feature is add as an option but it's good app,positive,0.2749999999999999,Transaction Performance
966,"The app is not working properly, I have been using it.",neutral,0.0,Customer Support
967,it's very disappointing fix it as soon as possible not expected from dashin bank fix it,negative,-0.2433333333333333,Feature Requests
968,it is incredible product.,positive,0.9,Feature Requests
969,"It's an amazing app, experience it!!",positive,0.9375,Feature Requests
970,it is the most amazing mobile app,positive,0.55,Feature Requests
971,best mobile banking application,positive,1.0,Transaction Performance
972,best mobile banking application,positive,1.0,Transaction Performance
973,"Waw Great and innovated,user friendly, always one step ahead",positive,0.5875,Feature Requests
974,Best- in-class app.,positive,1.0,Feature Requests
975,why do i have to change a pin number i use my finger print so dummy,neutral,0.0,Feature Requests
976,this is what we expect to get service Dashen Bank always like his slogan,neutral,0.0,Feature Requests
977,amazing app really i loved it .that's why we say dashen bank is one stap ahead. It's the best mobile application that should be on every phone.,positive,0.7666666666666666,Feature Requests
978,"One app for everything! I can shop, manage my bank account , and do so much more . Truly a super app",positive,0.4166666666666666,Feature Requests
979,The speed is too slow. Need some improvements.,negative,-0.3,Feature Requests
980,It is one of the best app ever use it and do it,positive,1.0,Transaction Performance
981,Applause 👏 Dashen Bank. One of the best super app inorder to pay easily and securely. One step a head.,positive,0.5416666666666666,Feature Requests
982,Very easy and Fast.,positive,0.3816666666666667,Feature Requests
983,excellent game changer App,positive,0.3,Feature Requests
984,too slow to use.,negative,-0.3,Feature Requests
985,very good for this app,positive,0.91,Transaction Performance
986,what a helpful app!!!!,neutral,0.0,Feature Requests
987,awesome app keep going,positive,1.0,Feature Requests
988,very comfortable app keep it,positive,0.52,Feature Requests
989,Wow! like his name Super App...,positive,0.2291666666666666,Feature Requests
990,The app is good but it has no USSD option,positive,0.7,Transaction Performance
991,it's a hestorical app. in the bank industry.,neutral,0.0,Feature Requests
992,It is the best application!!!,positive,1.0,Transaction Performance
993,Better and inclusive app!,positive,0.625,Feature Requests
994,it's Be Come Busy &not working good,positive,0.3999999999999999,Transaction Performance
995,Dashen bank always one step ahead,neutral,0.0,Feature Requests
996,it is very good app,positive,0.91,Transaction Performance
997,"Proudly made in Ethiopia, this innovation delivers more than promised. The marketplace is a major boost for local commerce",positive,0.340625,Feature Requests
998,the best Supper App ever,positive,1.0,Transaction Performance
999,very useful App,positive,0.39,Feature Requests
1000,waw no idea the best app.,positive,1.0,Transaction Performance
1001,"A lightweight,catchy and smooth app",positive,0.4,Feature Requests
1002,One star deducted for not to able to transfer to telebirr.,positive,0.5,User Interface & Experience
1003,"Simple, Fast and Easy ⭐⭐⭐🎉",positive,0.2111111111111111,Feature Requests
1004,A proudly Ethiopia innovation that delivers beyond expectations. The marketplace feature is a big win for local shoppers bnd sellers,positive,0.4,Feature Requests
1005,Dashen bank super app for easy life.,positive,0.3833333333333333,Feature Requests
1006,Fastest and easy to use,positive,0.4333333333333333,Feature Requests
1007,I am so thankful for having this best app Dashen one step ahead,positive,1.0,Transaction Performance
1008,Always one step ahead! What a masterpiece.,neutral,0.0,Feature Requests
1009,"It does not work functional ,",neutral,0.0,Customer Support
1010,Faster and userfriendly,neutral,0.0,Feature Requests
1011,It looks good and simple to use,positive,0.35,Transaction Performance
1012,On Transaction page only show sent Transaction. Try to include received transaction.,neutral,0.0,User Interface & Experience
1013,it was amazing app.....thank you dashen bank....,positive,0.6000000000000001,Feature Requests
1014,Exellent app with exellent banking system and exellent bank ever,neutral,0.0,Feature Requests
1015,A game-changing Ethiopian innovation—where shopping meets opportunity. The marketplace feature connects buyers and sellers like never before.,neutral,0.0,Feature Requests
1016,i love this app esp 3 click that make e-commerce easier and convinient.,positive,0.5,Feature Requests
1017,"This Is An Amazing App with Uniqe Quality,Easy And Fast Mobile Banking App.",positive,0.4,Feature Requests
1018,it seems me logging out within minutes,neutral,0.0,Feature Requests
1019,"Very impressed with the new updates, The e-commerce section is smooth and supports Ethiopian merchants.",positive,0.5121212121212121,Feature Requests
1020,Very good app that like it too. B/c it is very fast and easy to use.,positive,0.5344444444444444,Transaction Performance
1021,"All in one, that is it 👌",neutral,0.0,Feature Requests
1022,all of dashen bank customers use the application it is good to use,positive,0.7,Feature Requests
1023,It good and easy to use,positive,0.5666666666666667,Transaction Performance
1024,The best App of all,positive,1.0,Transaction Performance
1025,“Life-changing!” I can’t imagine going back to traditional banking after using this app. It’s so convenient.,neutral,0.0,Feature Requests
1026,This app doesn't work on my phone my phone is Samsung Galaxy s7 android version 9 All other financial apps work like telebirr CBE M_pesa...,negative,-0.0625,Customer Support
1027,faster than this version,neutral,0.0,Feature Requests
1028,why dashen bank workers hidden my ATM Card 🏧?it's a big problem to me,negative,-0.0833333333333333,Feature Requests
1029,The most good app and easy,positive,0.5444444444444444,Transaction Performance
1030,"A proudly Ethiopian innovation that delivers beyond expectations. The marketplace feature is a big win for local shoppers and sellers. Very impressed with the new updates, The e-commerce section is smooth and supports Ethiopian merchants!",positive,0.4623376623376623,Feature Requests
1031,I appreciate that Dashen Bank takes lifestyle services into account.,neutral,0.0,User Interface & Experience
1032,oh nice!!! i wish it's very nice app,positive,0.89,Feature Requests
1033,fast best app,positive,0.6,Transaction Performance
1034,good and latest,positive,0.6,Transaction Performance
1035,"Transferring to other bank accounts is a hastle and inconvenient .Get used to seeing "" please try again """,negative,-0.3625,User Interface & Experience
1036,Small size with vast features and functionalities.,negative,-0.125,Feature Requests
1037,its the best ever,positive,1.0,Transaction Performance
1038,very easy and flexible app.,positive,0.5633333333333334,Feature Requests
1039,it is not as good as to the other mobile bank app.,positive,0.2875,Transaction Performance
1040,Wow Excellent app,positive,0.55,Feature Requests
1041,The best Banking app I have ever seen,positive,1.0,Transaction Performance
1042,Always one step a head!,neutral,0.0,Feature Requests
1043,I hope it will be better than amole,positive,0.5,Feature Requests
1044,"Like Me, I Hope It Works Better Than Before.",positive,0.5,Customer Support
1045,Super smart app.,positive,0.2738095238095238,Feature Requests
1046,Great App Well done Dashen Bank,positive,0.8,Feature Requests
1047,Always one step forward,neutral,0.0,Feature Requests
1048,it's amazing app i have seen ever,positive,0.6000000000000001,Feature Requests
1049,Needs some improvement,neutral,0.0,Feature Requests
1050,Better Move to catch the competition up👍,positive,0.5,Feature Requests
1051,"Good app, bad security",positive,5.551115123125783e-17,Transaction Performance
1052,Dashen yichalal. Ewnetem one step a head,neutral,0.0,Feature Requests
1053,Amazing super app,positive,0.4666666666666667,Feature Requests
1054,I only see white page,neutral,0.0,Feature Requests
1055,Always one step ahead,neutral,0.0,Feature Requests
1056,Excellent UI/UX and beyond Banking services👍👍,positive,1.0,Feature Requests
1057,It keep my time to pay my bills and I generate my satment easily,positive,0.4333333333333333,Feature Requests
1058,"Good actually , but it have to WORK when developer option is on 🙏",positive,0.35,Customer Support
1059,useless app ever loading take long,negative,-0.275,Feature Requests
1060,Dashen bank is my number one choice,neutral,0.0,Feature Requests
1061,yes i want dashen super open,positive,0.1666666666666666,Feature Requests
1062,Keep up the good work and pleas add water and electric utility payment,positive,0.7,Customer Support
1063,Wow amazing app,positive,0.35,Feature Requests
1064,nice app ever,positive,0.6,Feature Requests
1065,Wow Dashen Super App 🚀🚀,positive,0.2166666666666666,Feature Requests
1066,"To be honest, best banking and lifestyle app in Ethiopia.",positive,0.8,Transaction Performance
1067,Wly Super App ilove it ❤️ 😍 💖 💕,positive,0.3333333333333333,Feature Requests
1068,Proud to be dashen family . Shout out to the serial entrepreneur 👏,positive,0.8,Feature Requests
1069,All good we need more,positive,0.6,Transaction Performance
1070,App That makes Difference!,neutral,0.0,Feature Requests
1071,the worst app in the market only good ui,negative,-0.1,Transaction Performance
1072,best platform... Please avoid otp,positive,1.0,Transaction Performance
1073,Not good this app,negative,-0.35,Transaction Performance
1074,thanks for all digital transaction,positive,0.1,User Interface & Experience
1075,betam mirt Ena betam le atikakem kelel Yale Ena michu application nw,neutral,0.0,Feature Requests
1076,its my choice,neutral,0.0,Feature Requests
1077,best of best,positive,1.0,Transaction Performance
1078,it's samart,neutral,0.0,Feature Requests
1079,what an App,neutral,0.0,Feature Requests
1080,proud by dashen bank,positive,0.8,Feature Requests
1081,it too slow,negative,-0.3,Feature Requests
1082,dashen bank or dashen super app?,positive,0.3333333333333333,Feature Requests
1083,best app I have ever seen,positive,1.0,Transaction Performance
1084,U can't create account,neutral,0.0,User Interface & Experience
1085,"Truly, db => AlwaysOneStepAhead !!",neutral,0.0,Feature Requests
1086,mobile banking to the next level,neutral,0.0,Feature Requests
1087,I loved it,positive,0.7,Feature Requests
1088,real life changer,positive,0.2,Feature Requests
1089,Is not working,neutral,0.0,Customer Support
1090,I love this app,positive,0.5,Feature Requests
1091,wow to it saff and this app,positive,0.1,Feature Requests
1092,Dashen Bank Always One Step Ahead!,neutral,0.0,Feature Requests
1093,We will see it,neutral,0.0,Feature Requests
1094,It's Best waww 🙏,positive,1.0,Transaction Performance
1095,Gud app kegza ga mezmn endze new aind ermjh kedme nachu hlam,positive,0.1363636363636363,Feature Requests
1096,real super up,positive,0.5,Feature Requests
1097,Worst app ever,negative,-1.0,Feature Requests
1098,wallahi very fantastic Bank,positive,0.52,User Interface & Experience
1099,All in One,neutral,0.0,Feature Requests
1100,It doesn't work,neutral,0.0,Customer Support
1101,Dashen Bank Always One Step Ahead!,neutral,0.0,Feature Requests
1102,The first 3 star review is me,positive,0.25,Feature Requests
1103,keep it up!,neutral,0.0,Feature Requests
1104,no one dashen yichlal,neutral,0.0,Feature Requests
1105,best of best,positive,1.0,Transaction Performance
1106,This is My Bank!,neutral,0.0,User Interface & Experience
1107,ALWAYS ONE STEP AHEAD,neutral,0.0,Feature Requests
1108,it is good but some times says duplicate transaction why?,positive,0.7,User Interface & Experience
1109,Good,positive,0.7,Transaction Performance
1110,good,positive,0.7,Transaction Performance
1111,Totally amazing,positive,0.6000000000000001,Feature Requests
1112,nice application,positive,0.6,Feature Requests
1113,Game changer,negative,-0.4,Feature Requests
1114,good,positive,0.7,Transaction Performance
1115,Fantastic,positive,0.4,Feature Requests
1116,good,positive,0.7,Transaction Performance
1117,top,positive,0.5,Feature Requests
1118,always lagging,neutral,0.0,Feature Requests
1119,thank you,neutral,0.0,Feature Requests
1120,super 😎,positive,0.3333333333333333,Feature Requests
1121,gadaa,neutral,0.0,Feature Requests
1122,መቸሸጠ,neutral,0.0,Feature Requests
1123,👍👍👍,neutral,0.0,Feature Requests
1124,This is what we call banking app. As professional I want banking app as simple as this and an app rich of features that align with my lifestyle.,positive,0.1583333333333333,Feature Requests
1125,Excellent app.,positive,1.0,Feature Requests
1126,Convenient!,neutral,0.0,Feature Requests
1127,Best App,positive,1.0,Transaction Performance
1128,best app,positive,1.0,Transaction Performance
1129,best app,positive,1.0,Transaction Performance
1130,good,positive,0.7,Transaction Performance
1131,waw,neutral,0.0,Feature Requests
1132,Best App!,positive,1.0,Transaction Performance
1133,Very convenient,positive,0.2,Feature Requests
1134,Nice App,positive,0.6,Feature Requests
1135,nice app,positive,0.6,Feature Requests
1136,best experiences,positive,1.0,Transaction Performance
1137,good,positive,0.7,Transaction Performance
1138,good,positive,0.7,Transaction Performance
1139,best,positive,1.0,Feature Requests
1140,nice,positive,0.6,Feature Requests
1141,perfect,positive,1.0,Feature Requests
1142,Best,positive,1.0,Feature Requests
1143,good,positive,0.7,Transaction Performance
1144,Good,positive,0.7,Transaction Performance
1145,Nice,positive,0.6,Feature Requests
1146,Superb,positive,1.0,Feature Requests
1147,execellent,neutral,0.0,Feature Requests
1148,በጣም ቅልል ያለ አፕ በርቱልን ለአጠቃቀም ምቹ,neutral,0.0,Feature Requests
1149,slow cumbersome,negative,-0.3,Feature Requests
1150,Is really 💀,positive,0.2,Feature Requests
1151,Wawww,neutral,0.0,Feature Requests
1152,nic,neutral,0.0,Feature Requests
1153,tanku,neutral,0.0,Feature Requests
1154,ምርጫዬ ነው,neutral,0.0,Feature Requests
1155,nic app,neutral,0.0,Feature Requests
1156,In short ! I'm so proud of this app developers for their highest professional of developing. Thanks,positive,0.275,Feature Requests
1157,Fantastic app,positive,0.4,Feature Requests
1158,good app,positive,0.7,Transaction Performance
1159,Hey great,positive,0.8,Feature Requests
1160,It's best,positive,1.0,Transaction Performance
1161,Good,positive,0.7,Transaction Performance
1162,Excellent,positive,1.0,Feature Requests
1163,Good,positive,0.7,Transaction Performance
1164,በጣም አሪፍ መተግበሪያ ነው ። አመሠግናለሁ ።,neutral,0.0,Feature Requests
1165,"የሚገርም aplication ነው, ነገር ግን ብር ትራንስፈር ሲደረግ ያለ ፒን መሆኑ risk አለው ሁሉ ጊዜ የ ትራንስፈር መደምደሚያ ፒን መሆን አለበት!!!!!!!!!!!!:: አሱ ቢስተካከል 5 star አስከዛው ግን 4 ሰጥቻለው::",neutral,0.0,Feature Requests
1166,አፕልኬሽኑ አሪፍ ሆኖ ሳለ ቴሌብር ወደራስ ብቻ ለምን ሆነ እንደ ድሮው ለሰውም መላክ ቢቻል,neutral,0.0,Feature Requests
1167,Baankii daashin baankii hudna galeessa galatoomaa isinii woliin jirra Godina jimmaa magaalaa Aggaaroo irraa Muaz Abamecha Abamilki,neutral,0.0,Feature Requests
1168,Wonderful Application 😍,positive,1.0,Feature Requests
1169,Too best,positive,1.0,Transaction Performance
1170,Best app,positive,1.0,Transaction Performance
1171,best 👍👍,positive,1.0,Transaction Performance
1172,Gret experience,neutral,0.0,Feature Requests
1173,Good,positive,0.7,Transaction Performance
1174,goood,neutral,0.0,Feature Requests
1175,Good,positive,0.7,Transaction Performance
1176,Perfect,positive,1.0,Feature Requests
1177,No good,negative,-0.35,Transaction Performance
1178,ከጰነጨየጠ,neutral,0.0,Feature Requests
1179,Ok,positive,0.5,Feature Requests
1180,ok,positive,0.5,Feature Requests
1181,Really super app... so seamless and with a nice user interface .. we are proud of you dashen bank ...,positive,0.4583333333333333,Feature Requests
1182,Send to oher bank የሚለዉ ዉስጥ ገብተን ወደ addisinternational bank ለመላክ አይሰራም ሁለተኛ ደግሞ ወደ cbe birr ለመላክ account number ይጠይቃል ሞባይል ነበር ነዉ መጠየቅ ያለበት ይመስለኛል,neutral,0.0,User Interface & Experience
1183,ፍጥነቱ በጣም አሪፍ ነው! እና ቀለል ያለ ነው ! ነገር ግን ተጨማሪ ወደ ቴሌብር ኤጀንት መላኪያ አፕ ቢካተትበት ጥሩ ነው::,neutral,0.0,Feature Requests
1184,"I love it but it has bugs during confirmation of password! So, please make it functional",positive,0.625,Feature Requests
1185,Amazing app 👏 👌 Dashen bank one step a head,positive,0.6000000000000001,Feature Requests
1186,ጥሩ ነው ግን በደንብ ሊሸሻል ይገባል,neutral,0.0,Feature Requests
1187,Excellent app.,positive,1.0,Feature Requests
1188,Best app,positive,1.0,Transaction Performance
1189,very nice,positive,0.78,Feature Requests
1190,Excellent app,positive,1.0,Feature Requests
1191,Great!,positive,1.0,Feature Requests
1192,Best,positive,1.0,Feature Requests
1193,Amazing,positive,0.6000000000000001,Feature Requests
1194,Nice,positive,0.6,Feature Requests
1195,ስም ብቻ 😏,neutral,0.0,Feature Requests
1196,First ATM in East africa ⭐️⭐️⭐️⭐️⭐️,positive,0.25,Feature Requests
1197,አሁን ገና አንድ እርምጃ ቀደማችው,neutral,0.0,Feature Requests
1198,Amizing Application 😍,neutral,0.0,Feature Requests
1199,Wow,positive,0.1,Feature Requests
1200,Ok,positive,0.5,Feature Requests
